time,temperature_2m_mean,precipitation_sum,soil_moisture_0_7cm_mean,soil_temperature_0_7cm_mean,relative_humidity_2m_mean,sunshine_duration,cloud_cover_mean,precipitation_hours
1940-01-01,23.08,350.6,0.49266666666666664,24.279999999999998,89.16666666666667,733343.61,96.36666666666666,439.0
1940-02-01,23.49655172413793,169.2,0.4878620689655172,24.71379310344828,87.34482758620689,1013801.51,88.89655172413794,293.0
1940-03-01,24.33225806451613,129.2,0.451,25.84193548387097,85.29032258064517,1270174.02,75.70967741935483,205.0
1940-04-01,24.459999999999997,158.5,0.44329999999999997,26.05666666666667,86.03333333333333,1167446.56,66.86666666666666,270.0
1940-05-01,23.961290322580645,230.5,0.48567741935483866,25.34193548387097,88.96774193548387,957003.79,87.93548387096774,339.0
1940-06-01,24.046666666666667,72.4,0.44166666666666665,25.240000000000002,86.7,1132845.86,67.46666666666667,202.0
1940-07-01,24.306451612903224,44.4,0.32503225806451613,25.61935483870968,78.19354838709677,1259978.7,60.87096774193548,143.0
1940-08-01,24.874193548387098,35.4,0.32306451612903225,26.567741935483873,74.48387096774194,1291873.57,54.903225806451616,140.0
1940-09-01,25.45,112.6,0.3431,27.726666666666667,72.76666666666667,1237050.73,71.36666666666666,197.0
1940-10-01,26.274193548387096,40.0,0.3160322580645161,28.483870967741936,68.7741935483871,1299828.1,65.61290322580645,115.0
1940-11-01,25.663333333333334,165.7,0.3938666666666667,27.983333333333334,75.66666666666667,1240010.67,65.0,207.0
1940-12-01,24.164516129032258,283.3,0.48512903225806453,26.016129032258064,86.45161290322581,1168209.46,84.45161290322581,304.0
1941-01-01,23.97741935483871,323.0,0.49464516129032254,25.47741935483871,87.70967741935483,983346.32,95.64516129032258,406.0
1941-02-01,24.092857142857145,325.6,0.4946428571428571,25.625,88.75,851291.1,94.46428571428571,307.0
1941-03-01,24.451612903225808,153.5,0.4648709677419355,25.88064516129032,86.06451612903226,1182000.31,81.38709677419355,234.0
1941-04-01,24.293333333333333,219.1,0.4807666666666667,25.956666666666667,88.9,1042906.05,82.8,305.0
1941-05-01,23.932258064516127,185.20000000000002,0.4865161290322581,25.44193548387097,89.51612903225806,1080693.75,82.51612903225806,263.0
1941-06-01,23.933333333333334,78.7,0.4219666666666667,25.23,84.53333333333333,1196228.71,67.46666666666667,192.0
1941-07-01,24.161290322580644,40.1,0.36106451612903223,25.293548387096774,77.06451612903226,1274074.57,54.29032258064516,79.0
1941-08-01,25.561290322580643,38.3,0.2739032258064516,27.648387096774194,67.70967741935483,1294959.76,64.35483870967742,47.0
1941-09-01,24.85666666666667,155.5,0.4017666666666667,26.653333333333332,76.6,1233790.73,57.06666666666667,211.0
1941-10-01,25.261290322580646,179.8,0.3989677419354839,27.238709677419354,76.41935483870968,1192222.1300000001,65.19354838709677,246.0
1941-11-01,24.290000000000003,378.2,0.4908,26.083333333333332,88.6,964805.78,92.06666666666666,361.0
1941-12-01,24.225806451612904,333.2,0.47419354838709676,25.870967741935484,86.58064516129032,1091466.96,85.19354838709677,308.0
1942-01-01,24.096774193548388,255.5,0.4746774193548387,25.793548387096774,85.58064516129032,1170171.1400000001,83.51612903225806,282.0
1942-02-01,23.410714285714285,341.6,0.49739285714285714,24.896428571428572,88.89285714285714,785937.76,95.64285714285714,374.0
1942-03-01,23.961290322580645,282.0,0.491,25.46451612903226,89.0,1015961.59,92.3225806451613,352.0
1942-04-01,23.696666666666665,314.8,0.4960333333333333,25.39,90.0,987013.43,90.86666666666666,332.0
1942-05-01,23.929032258064513,225.79999999999998,0.48948387096774193,25.46451612903226,89.74193548387096,1125392.49,85.0,285.0
1942-06-01,23.816666666666666,213.8,0.48979999999999996,25.223333333333336,89.63333333333334,1027571.86,81.36666666666666,320.0
1942-07-01,23.548387096774192,99.3,0.45338709677419353,24.932258064516127,86.29032258064517,1219664.17,62.61290322580645,255.0
1942-08-01,24.041935483870965,85.9,0.42909677419354836,25.296774193548387,82.80645161290323,1223967.6099999999,76.0,170.0
1942-09-01,24.03666666666667,253.1,0.45346666666666663,25.646666666666665,85.93333333333334,1110823.42,79.76666666666667,340.0
1942-10-01,23.951612903225808,302.0,0.48512903225806453,25.56451612903226,87.12903225806451,1131590.0,84.09677419354838,343.0
1942-11-01,24.153333333333332,92.6,0.4227666666666667,25.970000000000002,82.73333333333333,1244464.76,64.36666666666666,213.0
1942-12-01,24.23225806451613,147.5,0.41254838709677416,25.961290322580645,81.12903225806451,1293911.03,69.48387096774194,224.0
1943-01-01,23.719354838709677,107.2,0.4313225806451613,25.461290322580645,83.83870967741936,1281614.5,65.06451612903226,330.0
1943-02-01,23.417857142857144,238.5,0.4587142857142857,24.682142857142857,86.82142857142857,736742.54,96.07142857142857,446.0
1943-03-01,23.345161290322583,192.5,0.47938709677419356,24.89032258064516,86.96774193548387,1139284.81,81.0,317.0
1943-04-01,23.683333333333334,92.9,0.4169333333333333,25.396666666666665,84.93333333333334,1230516.57,55.46666666666667,220.0
1943-05-01,24.306451612903224,70.5,0.3849354838709677,25.787096774193547,82.3225806451613,1257196.67,50.41935483870968,214.0
1943-06-01,24.69,66.2,0.37703333333333333,26.18,80.7,1208862.66,59.13333333333333,192.0
1943-07-01,24.39032258064516,87.3,0.3869677419354839,25.85483870967742,78.06451612903226,1276819.43,47.225806451612904,184.0
1943-08-01,24.448387096774194,146.5,0.41603225806451616,26.0258064516129,80.0,1198009.43,61.903225806451616,297.0
1943-09-01,24.34333333333333,319.3,0.43846666666666667,26.203333333333333,81.46666666666667,1096758.3,77.66666666666667,327.0
1943-10-01,23.774193548387096,394.2,0.4732258064516129,25.361290322580647,87.03225806451613,1009163.27,83.93548387096774,361.0
1943-11-01,24.32,211.7,0.4653,26.08,86.63333333333334,1145307.59,84.1,294.0
1943-12-01,24.070967741935483,113.8,0.44993548387096777,25.81935483870968,84.80645161290323,1278163.1199999999,62.225806451612904,238.0
1944-01-01,23.66774193548387,321.1,0.48990322580645157,25.225806451612904,88.25806451612904,1073019.43,88.54838709677419,406.0
1944-02-01,23.055172413793105,319.8,0.49806896551724134,24.162068965517243,89.72413793103448,622338.39,97.55172413793103,483.0
1944-03-01,23.519354838709678,235.8,0.48174193548387095,24.967741935483872,87.70967741935483,1086142.63,87.70967741935483,321.0
1944-04-01,23.92,238.4,0.4892,25.35666666666667,88.33333333333333,1060363.06,87.36666666666666,329.0
1944-05-01,24.18064516129032,125.89999999999999,0.4678709677419355,25.567741935483873,87.25806451612904,1202134.76,63.45161290322581,290.0
1944-06-01,24.043333333333333,101.10000000000001,0.3871333333333334,25.336666666666666,83.36666666666666,1176089.9100000001,52.46666666666667,166.0
1944-07-01,24.074193548387097,67.0,0.4130645161290322,25.34193548387097,84.38709677419355,1219025.17,70.19354838709677,191.0
1944-08-01,25.32903225806452,25.6,0.3055806451612903,27.04516129032258,74.70967741935483,1300985.04,59.12903225806452,153.0
1944-09-01,24.816666666666666,234.0,0.42186666666666667,26.5,79.93333333333334,1184967.37,80.2,265.0
1944-10-01,24.583870967741937,222.6,0.4487741935483871,26.13225806451613,83.25806451612904,1193669.93,79.51612903225806,329.0
1944-11-01,24.14333333333333,240.9,0.4817,25.87,87.23333333333333,1120260.02,89.7,304.0
1944-12-01,23.932258064516127,224.1,0.458741935483871,25.23548387096774,84.80645161290323,1079655.44,86.87096774193549,255.0
1945-01-01,23.858064516129033,276.1,0.4863870967741935,25.14516129032258,87.38709677419355,853580.38,95.2258064516129,406.0
1945-02-01,24.071428571428573,270.9,0.4933571428571429,25.442857142857143,87.78571428571429,933182.28,93.25,312.0
1945-03-01,23.651612903225807,345.8,0.4936451612903226,24.53548387096774,88.29032258064517,718306.33,94.83870967741936,484.0
1945-04-01,23.826666666666664,164.6,0.45886666666666664,25.396666666666665,86.56666666666666,1153752.53,80.96666666666667,249.0
1945-05-01,23.638709677419353,216.1,0.47258064516129034,25.112903225806452,88.87096774193549,1038090.2,80.83870967741936,291.0
1945-06-01,24.15,78.4,0.4214,25.293333333333333,84.76666666666667,1141237.83,73.2,202.0
1945-07-01,24.15806451612903,90.9,0.3849354838709677,25.5258064516129,83.12903225806451,1243489.31,58.61290322580645,228.0
1945-08-01,24.106451612903225,180.1,0.44822580645161286,25.493548387096773,84.3225806451613,1235703.93,62.096774193548384,239.0
1945-09-01,24.876666666666665,105.6,0.36466666666666664,26.37,75.3,1227525.96,80.16666666666667,130.0
1945-10-01,24.635483870967743,225.7,0.43793548387096776,26.258064516129032,81.35483870967742,1206298.73,78.7741935483871,219.0
1945-11-01,24.196666666666665,267.2,0.4766666666666667,25.959999999999997,86.1,1143729.87,82.66666666666667,314.0
1945-12-01,23.874193548387098,219.7,0.47274193548387095,25.44193548387097,85.90322580645162,1105130.8,88.38709677419355,325.0
1946-01-01,23.53548387096774,341.9,0.494258064516129,24.570967741935487,88.70967741935483,713492.49,96.96774193548387,467.0
1946-02-01,23.785714285714285,168.2,0.47682142857142856,24.900000000000002,85.0,948347.27,86.39285714285714,288.0
1946-03-01,23.990322580645163,290.0,0.48438709677419356,25.40967741935484,88.64516129032258,956891.74,89.2258064516129,375.0
1946-04-01,24.21333333333333,175.1,0.4729,25.816666666666666,86.9,1178447.02,69.03333333333333,312.0
1946-05-01,24.051612903225806,114.9,0.44896774193548383,25.429032258064513,84.90322580645162,1201877.13,67.41935483870968,200.0
1946-06-01,24.436666666666667,49.0,0.35816666666666663,25.779999999999998,79.76666666666667,1218401.29,52.166666666666664,171.0
1946-07-01,24.858064516129033,38.8,0.3224516129032258,26.448387096774194,74.58064516129032,1285362.2,47.58064516129032,185.0
1946-08-01,25.370967741935484,70.4,0.31622580645161286,27.374193548387098,71.41935483870968,1290639.58,67.87096774193549,167.0
1946-09-01,24.923333333333336,130.5,0.4023333333333333,26.94333333333333,78.93333333333334,1218735.83,72.16666666666667,270.0
1946-10-01,25.387096774193548,121.8,0.40399999999999997,27.39032258064516,76.61290322580645,1261690.09,71.80645161290323,295.0
1946-11-01,24.723333333333336,227.7,0.4367,26.783333333333335,82.43333333333334,1160434.03,72.83333333333333,286.0
1946-12-01,24.6,160.9,0.4703225806451613,26.274193548387096,84.58064516129032,1246494.8699999999,80.2258064516129,258.0
1947-01-01,24.509677419354837,246.3,0.4706774193548387,26.216129032258067,85.70967741935483,1205065.08,79.74193548387096,324.0
1947-02-01,24.47142857142857,147.8,0.4663214285714286,25.792857142857144,85.75,1011380.12,93.82142857142857,246.0
1947-03-01,24.64516129032258,191.1,0.4696774193548387,26.16774193548387,85.2258064516129,1209546.97,81.2258064516129,298.0
1947-04-01,24.63,235.1,0.4793333333333333,26.32,87.3,1147730.72,75.2,348.0
1947-05-01,25.15806451612903,56.5,0.3947741935483871,26.406451612903226,82.45161290322581,1258476.78,66.80645161290323,231.0
1947-06-01,25.3,37.9,0.3456,26.696666666666665,78.8,1222653.86,65.66666666666667,175.0
1947-07-01,24.80322580645161,125.60000000000001,0.389741935483871,26.24516129032258,80.19354838709677,1254548.9,61.0,260.0
1947-08-01,24.383870967741935,265.2,0.4758387096774193,25.86774193548387,86.38709677419355,1160314.99,81.35483870967742,374.0
1947-09-01,24.163333333333334,325.4,0.47733333333333333,25.73,85.33333333333333,1109683.99,74.9,344.0
1947-10-01,24.39032258064516,215.4,0.464,25.970967741935485,85.41935483870968,1185563.8,81.0,342.0
1947-11-01,24.490000000000002,236.3,0.489,26.220000000000002,87.33333333333333,1174889.67,81.4,353.0
1947-12-01,23.848387096774193,312.09999999999997,0.4926129032258065,25.506451612903227,87.80645161290323,1067662.51,91.64516129032258,365.0
1948-01-01,24.048387096774192,90.0,0.4268387096774193,25.751612903225805,83.74193548387096,1258378.21,64.29032258064517,222.0
1948-02-01,24.26206896551724,141.0,0.45655172413793105,25.903448275862072,85.75862068965517,1157674.02,83.3103448275862,277.0
1948-03-01,25.161290322580644,83.7,0.37861290322580643,27.041935483870965,80.03225806451613,1290946.59,60.774193548387096,214.0
1948-04-01,25.013333333333332,115.5,0.4202,26.75,83.83333333333333,1191010.58,65.3,283.0
1948-05-01,24.716129032258067,147.2,0.45238709677419353,26.093548387096774,86.25806451612904,1199249.31,63.67741935483871,257.0
1948-06-01,25.516666666666666,62.0,0.3531666666666667,26.836666666666666,77.93333333333334,1219091.93,57.56666666666667,150.0
1948-07-01,25.187096774193545,89.4,0.36112903225806453,26.822580645161292,78.48387096774194,1255165.67,57.61290322580645,256.0
1948-08-01,24.996774193548386,123.39999999999999,0.40283870967741936,26.361290322580647,78.64516129032258,1248731.36,70.90322580645162,302.0
1948-09-01,25.923333333333336,61.0,0.3499666666666667,27.676666666666666,72.33333333333333,1251117.3900000001,68.76666666666667,192.0
1948-10-01,26.387096774193548,116.1,0.35329032258064513,28.570967741935487,71.51612903225806,1277413.81,53.096774193548384,200.0
1948-11-01,25.05,183.2,0.4303,26.953333333333333,80.56666666666666,1194572.72,65.0,308.0
1948-12-01,25.048387096774192,159.3,0.3971935483870968,27.061290322580643,79.3225806451613,1273785.42,63.70967741935484,253.0
1949-01-01,23.799999999999997,197.1,0.46906451612903227,25.364516129032257,84.83870967741936,1101863.07,84.87096774193549,393.0
1949-02-01,24.464285714285715,113.3,0.41250000000000003,26.24285714285714,81.64285714285714,1135542.56,85.46428571428571,289.0
1949-03-01,24.72258064516129,68.8,0.3764516129032258,26.66774193548387,76.80645161290323,1289764.62,60.38709677419355,154.0
1949-04-01,25.396666666666665,81.9,0.3671666666666667,27.35666666666667,75.8,1183896.94,62.266666666666666,151.0
1949-05-01,24.993548387096773,193.5,0.4228387096774194,26.55806451612903,83.74193548387096,1203153.24,64.0,264.0
1949-06-01,24.883333333333333,95.3,0.4093333333333333,26.523333333333333,79.6,1175952.79,71.0,159.0
1949-07-01,24.816129032258065,51.3,0.366,26.41290322580645,75.35483870967742,1269026.36,56.83870967741935,154.0
1949-08-01,25.080645161290324,123.1,0.373,27.016129032258064,76.25806451612904,1275271.93,61.38709677419355,200.0
1949-09-01,25.296666666666667,106.8,0.38630000000000003,27.14333333333333,75.06666666666666,1201812.35,73.06666666666666,210.0
1949-10-01,25.135483870967743,153.7,0.431,26.919354838709676,80.29032258064517,1165264.94,81.83870967741936,209.0
1949-11-01,25.553333333333335,137.1,0.39303333333333335,27.7,74.56666666666666,1192911.25,79.73333333333333,182.0
1949-12-01,24.98709677419355,75.5,0.38290322580645164,26.793548387096774,76.25806451612904,1253272.15,86.25806451612904,156.0
1950-01-01,23.638709677419353,215.9,0.4805483870967742,24.858064516129033,88.93548387096774,1019620.61,93.54838709677419,398.0
1950-02-01,23.63214285714286,240.9,0.48032142857142857,24.832142857142856,90.35714285714286,787066.87,94.92857142857143,396.0
1950-03-01,24.583870967741937,224.8,0.4758709677419355,26.1,88.70967741935483,1179448.02,76.45161290322581,244.0
1950-04-01,24.403333333333332,182.1,0.4689333333333333,25.716666666666665,89.23333333333333,1104976.92,74.13333333333334,264.0
1950-05-01,24.258064516129032,217.9,0.47919354838709677,25.648387096774194,90.19354838709677,1107430.11,77.38709677419355,308.0
1950-06-01,24.326666666666664,96.5,0.4719333333333333,25.426666666666666,88.9,1170792.68,70.13333333333334,234.0
1950-07-01,23.783870967741933,33.8,0.448,24.79032258064516,85.03225806451613,1222801.76,54.96774193548387,138.0
1950-08-01,24.02258064516129,154.6,0.4272903225806452,25.125806451612902,83.70967741935483,1242915.26,64.38709677419355,309.0
1950-09-01,24.613333333333333,134.2,0.45066666666666666,25.846666666666668,84.7,1210367.83,71.16666666666667,270.0
1950-10-01,24.351612903225806,232.5,0.47261290322580646,26.0,88.0,1144790.4,81.83870967741936,325.0
1950-11-01,24.27,175.0,0.46076666666666666,25.6,86.43333333333334,1025257.74,92.76666666666667,191.0
1950-12-01,24.032258064516128,198.3,0.4650967741935484,25.519354838709678,87.35483870967742,1048769.49,88.58064516129032,282.0
1951-01-01,23.65806451612903,236.0,0.4793225806451613,25.241935483870968,90.29032258064517,954590.47,89.48387096774194,386.0
1951-02-01,23.792857142857144,206.9,0.46989285714285717,25.010714285714283,88.21428571428571,927929.68,95.21428571428571,338.0
1951-03-01,24.203225806451613,214.7,0.4760967741935484,25.66774193548387,89.0,1196721.1300000001,76.45161290322581,346.0
1951-04-01,24.633333333333333,172.20000000000002,0.47286666666666666,26.14333333333333,87.26666666666667,1145570.16,69.33333333333333,270.0
1951-05-01,24.387096774193548,87.6,0.4631290322580645,25.62258064516129,88.09677419354838,1230401.42,63.16129032258065,230.0
1951-06-01,24.23,109.7,0.4530666666666667,25.383333333333333,87.76666666666667,1141799.49,64.4,238.0
1951-07-01,24.067741935483873,48.2,0.42874193548387096,25.112903225806452,84.41935483870968,1270003.8699999999,57.83870967741935,186.0
1951-08-01,24.893548387096775,89.9,0.40245161290322584,26.0258064516129,81.58064516129032,1290609.68,57.87096774193548,286.0
1951-09-01,25.633333333333333,115.0,0.3811333333333333,26.9,78.2,1227305.16,67.36666666666666,255.0
1951-10-01,25.37741935483871,97.0,0.43070967741935484,26.654838709677417,80.6774193548387,1300153.35,58.193548387096776,239.0
1951-11-01,25.626666666666665,150.9,0.4474,27.013333333333332,82.23333333333333,1209772.8699999999,69.93333333333334,231.0
1951-12-01,24.596774193548388,438.1,0.4704516129032258,26.36774193548387,88.06451612903226,958567.04,91.83870967741936,461.0
1952-01-01,24.261290322580646,480.8,0.47238709677419355,25.74516129032258,89.70967741935483,941515.1799999999,95.83870967741936,500.0
1952-02-01,24.106896551724137,281.3,0.47758620689655173,25.220689655172414,89.82758620689656,857159.19,92.65517241379311,416.0
1952-03-01,24.27741935483871,303.0,0.4756774193548387,25.825806451612905,91.09677419354838,1144937.37,81.58064516129032,349.0
1952-04-01,24.38,234.9,0.4720333333333333,25.60666666666667,89.16666666666667,1124560.74,77.06666666666666,259.0
1952-05-01,24.432258064516127,150.0,0.47183870967741937,25.729032258064517,91.03225806451613,1195297.5,72.29032258064517,280.0
1952-06-01,24.38,68.6,0.4356333333333333,25.490000000000002,86.23333333333333,1193098.45,60.56666666666667,139.0
1952-07-01,24.34193548387097,33.6,0.4048709677419355,25.309677419354838,82.48387096774194,1276604.14,47.67741935483871,138.0
1952-08-01,24.383870967741935,122.3,0.4296129032258064,25.44516129032258,83.41935483870968,1255156.1,60.354838709677416,229.0
1952-09-01,24.7,130.6,0.45053333333333334,25.793333333333333,82.36666666666666,1228953.72,57.56666666666667,264.0
1952-10-01,24.86774193548387,279.40000000000003,0.4689677419354839,26.270967741935483,84.61290322580645,1162012.13,76.19354838709677,373.0
1952-11-01,24.096666666666668,435.5,0.47736666666666666,25.573333333333334,89.66666666666667,929365.4299999999,89.33333333333333,382.0
1952-12-01,24.129032258064516,176.5,0.4774838709677419,25.809677419354838,88.93548387096774,1215261.84,85.3225806451613,293.0
1953-01-01,24.006451612903227,208.5,0.47916129032258065,25.738709677419354,89.58064516129032,1188390.26,83.74193548387096,346.0
1953-02-01,24.164285714285715,147.6,0.4708571428571428,25.974999999999998,88.07142857142857,1127557.5,74.10714285714286,231.0
1953-03-01,24.67096774193548,276.5,0.46490322580645166,26.351612903225806,86.93548387096774,1243901.31,77.51612903225806,297.0
1953-04-01,24.716666666666665,178.3,0.4722,26.240000000000002,88.53333333333333,1145293.4,74.0,282.0
1953-05-01,24.416129032258063,254.0,0.4764838709677419,25.72258064516129,89.45161290322581,1151280.6,73.12903225806451,300.0
1953-06-01,24.533333333333335,63.800000000000004,0.43366666666666664,25.533333333333335,85.4,1216629.7,54.233333333333334,198.0
1953-07-01,24.693548387096776,43.1,0.3502258064516129,25.716129032258067,79.0,1264535.1,44.483870967741936,130.0
1953-08-01,25.18064516129032,58.6,0.36964516129032254,26.62258064516129,77.87096774193549,1280893.49,56.03225806451613,244.0
1953-09-01,25.763333333333332,48.9,0.378,26.953333333333333,76.26666666666667,1236331.99,62.5,177.0
1953-10-01,26.393548387096775,102.2,0.3746129032258064,27.948387096774194,75.58064516129032,1280373.59,51.87096774193548,197.0
1953-11-01,25.186666666666667,198.9,0.46536666666666665,26.973333333333336,85.66666666666667,1131455.87,83.7,298.0
1953-12-01,24.664516129032258,273.7,0.4407096774193548,26.370967741935484,85.35483870967742,1209336.16,77.38709677419355,288.0
1954-01-01,24.31935483870968,401.7,0.4715483870967742,25.990322580645163,88.58064516129032,996410.99,87.3225806451613,461.0
1954-02-01,23.889285714285712,379.1,0.47853571428571423,25.439285714285713,90.25,762812.38,95.82142857142857,386.0
1954-03-01,24.719354838709677,223.4,0.4691290322580645,26.41290322580645,87.16129032258064,1236904.42,72.51612903225806,287.0
1954-04-01,24.376666666666665,337.6,0.47586666666666666,25.62,89.53333333333333,861076.5599999999,94.03333333333333,400.0
1954-05-01,24.293548387096774,209.5,0.4763548387096774,25.641935483870967,90.16129032258064,1088587.33,84.93548387096774,315.0
1954-06-01,23.92,117.4,0.4744333333333334,25.203333333333333,89.26666666666667,1005147.36,83.36666666666666,249.0
1954-07-01,23.60967741935484,165.2,0.47851612903225804,24.958064516129035,89.19354838709677,1030929.75,79.90322580645162,326.0
1954-08-01,23.93548387096774,142.5,0.4624838709677419,25.193548387096776,86.54838709677419,1187200.59,78.90322580645162,258.0
1954-09-01,24.316666666666666,190.4,0.44420000000000004,25.709999999999997,83.83333333333333,1158973.63,78.3,263.0
1954-10-01,24.28064516129032,268.3,0.4540967741935484,25.893548387096775,85.87096774193549,1159643.91,71.87096774193549,323.0
1954-11-01,23.533333333333335,282.2,0.47446666666666665,24.85666666666667,90.3,820846.16,90.23333333333333,337.0
1954-12-01,24.19677419354839,244.6,0.4625483870967742,25.61935483870968,86.80645161290323,1109844.72,85.87096774193549,261.0
1955-01-01,23.825806451612905,296.5,0.46161290322580645,25.5258064516129,87.70967741935483,1142754.6,83.29032258064517,349.0
1955-02-01,24.025000000000002,294.3,0.4781785714285714,25.414285714285715,89.42857142857143,855365.91,94.25,408.0
1955-03-01,24.361290322580647,252.7,0.4700645161290322,25.929032258064513,87.51612903225806,1187825.57,78.0,343.0
1955-04-01,24.36,278.2,0.47253333333333336,25.85,88.96666666666667,1089308.85,79.7,364.0
1955-05-01,24.483870967741936,203.0,0.4614838709677419,25.787096774193547,89.35483870967742,957941.86,83.51612903225806,279.0
1955-06-01,23.89,200.2,0.47806666666666664,25.183333333333334,89.4,1068327.5,82.73333333333333,302.0
1955-07-01,23.403225806451612,246.2,0.476258064516129,24.73225806451613,90.0,948956.1900000001,87.0,354.0
1955-08-01,23.751612903225805,150.8,0.45796774193548384,24.980645161290322,86.74193548387096,1181424.94,76.03225806451613,235.0
1955-09-01,24.116666666666667,179.9,0.46950000000000003,25.490000000000002,85.76666666666667,1115267.82,84.53333333333333,273.0
1955-10-01,24.574193548387097,280.0,0.46741935483870967,26.154838709677417,86.54838709677419,1160174.69,81.80645161290323,352.0
1955-11-01,24.076666666666664,359.9,0.4691666666666666,25.290000000000003,87.53333333333333,844863.22,92.26666666666667,406.0
1955-12-01,23.887096774193548,243.4,0.4659354838709677,25.629032258064516,88.45161290322581,1088414.1,85.38709677419355,331.0
1956-01-01,23.52258064516129,317.8,0.47403225806451615,25.129032258064516,89.19354838709677,1042360.67,89.3225806451613,385.0
1956-02-01,23.86551724137931,212.8,0.47331034482758616,25.324137931034482,88.51724137931035,970668.13,89.37931034482759,340.0
1956-03-01,24.258064516129032,247.7,0.47296774193548385,25.761290322580646,87.83870967741936,1199505.93,79.51612903225806,305.0
1956-04-01,24.456666666666667,281.3,0.4684666666666667,26.033333333333335,88.06666666666666,1121480.29,84.4,290.0
1956-05-01,24.135483870967743,195.8,0.4655483870967742,25.361290322580647,89.41935483870968,980371.64,87.0,301.0
1956-06-01,23.426666666666666,160.5,0.47823333333333334,24.55666666666667,90.6,953628.61,83.86666666666666,274.0
1956-07-01,23.141935483870967,143.8,0.4675483870967742,24.280645161290323,86.7741935483871,1124191.93,71.90322580645162,233.0
1956-08-01,23.725806451612904,215.9,0.457,24.883870967741935,86.12903225806451,1084035.2,86.74193548387096,277.0
1956-09-01,24.003333333333334,269.7,0.4539,25.35,85.2,1152432.28,78.43333333333334,282.0
1956-10-01,24.216129032258067,302.5,0.4730967741935484,25.87741935483871,87.6774193548387,1130935.79,86.03225806451613,355.0
1956-11-01,24.366666666666667,193.0,0.4648333333333333,26.17,86.53333333333333,1128702.02,76.26666666666667,284.0
1956-12-01,24.27741935483871,75.7,0.39464516129032257,25.93548387096774,82.80645161290323,1178354.49,74.2258064516129,195.0
1957-01-01,24.200000000000003,328.4,0.44109677419354837,25.864516129032257,87.29032258064517,1010100.55,87.83870967741936,364.0
1957-02-01,23.835714285714285,270.8,0.4811785714285714,25.325,88.96428571428571,874851.3,92.10714285714286,377.0
1957-03-01,24.174193548387095,276.0,0.47096774193548385,25.65806451612903,90.12903225806451,985318.22,95.45161290322581,377.0
1957-04-01,24.466666666666665,317.1,0.4783,25.993333333333332,89.16666666666667,1148832.69,76.53333333333333,342.0
1957-05-01,24.641935483870967,122.0,0.47438709677419355,25.9,87.7741935483871,1204288.71,76.2258064516129,271.0
1957-06-01,24.986666666666668,74.3,0.419,25.833333333333332,82.93333333333334,1168324.18,60.56666666666667,165.0
1957-07-01,24.19677419354839,146.8,0.45438709677419353,25.283870967741933,86.03225806451613,1067426.48,82.90322580645162,277.0
1957-08-01,24.338709677419356,114.60000000000001,0.43374193548387097,25.274193548387096,82.45161290322581,1168001.37,70.80645161290323,207.0
1957-09-01,26.073333333333334,37.3,0.3624,26.776666666666664,73.6,1260038.29,52.733333333333334,161.0
1957-10-01,25.870967741935484,123.5,0.4158709677419355,26.77741935483871,76.64516129032258,1287730.4,58.58064516129032,202.0
1957-11-01,25.183333333333334,229.6,0.46313333333333334,26.773333333333333,85.1,1198406.99,65.6,295.0
1957-12-01,24.65806451612903,254.6,0.4674516129032258,26.164516129032258,87.70967741935483,1004985.98,92.90322580645162,313.0
1958-01-01,24.448387096774194,283.6,0.47335483870967743,26.08709677419355,88.90322580645162,1189193.88,83.09677419354838,379.0
1958-02-01,24.275000000000002,450.6,0.47596428571428573,25.732142857142858,90.42857142857143,832765.59,90.60714285714286,444.0
1958-03-01,24.65806451612903,314.7,0.4744193548387096,25.993548387096773,88.93548387096774,1026933.07,93.0,376.0
1958-04-01,24.94333333333333,243.4,0.46526666666666666,26.326666666666664,88.53333333333333,1057643.67,79.66666666666667,369.0
1958-05-01,24.948387096774194,234.3,0.47896774193548386,26.23225806451613,89.2258064516129,1108693.49,81.58064516129032,343.0
1958-06-01,24.90666666666667,146.7,0.42710000000000004,25.85,84.56666666666666,1113446.09,65.6,216.0
1958-07-01,24.238709677419354,148.8,0.4730322580645161,25.45483870967742,87.83870967741936,1180069.33,63.516129032258064,267.0
1958-08-01,23.967741935483872,337.6,0.47374193548387095,25.293548387096774,88.80645161290323,1069246.52,84.19354838709677,376.0
1958-09-01,24.93,160.9,0.4182666666666667,26.136666666666667,82.2,1173805.94,75.83333333333333,254.0
1958-10-01,24.887096774193548,288.9,0.45645161290322583,26.283870967741933,84.87096774193549,1134292.49,81.48387096774194,359.0
1958-11-01,24.723333333333336,260.6,0.44776666666666665,26.373333333333335,85.36666666666666,1123497.41,77.3,324.0
1958-12-01,23.825806451612905,376.2,0.4800645161290322,25.225806451612904,91.35483870967742,870142.69,92.64516129032258,449.0
1959-01-01,23.883870967741935,290.7,0.48032258064516126,25.358064516129033,90.54838709677419,1098259.8900000001,86.35483870967742,472.0
1959-02-01,24.182142857142857,439.2,0.47496428571428567,25.860714285714288,90.0,935644.05,90.75,367.0
1959-03-01,24.258064516129032,375.7,0.47477419354838707,25.748387096774195,90.51612903225806,984303.86,89.12903225806451,390.0
1959-04-01,24.516666666666666,235.2,0.4715666666666667,26.09,88.46666666666667,1125935.91,75.3,292.0
1959-05-01,24.574193548387097,244.5,0.4774516129032258,25.816129032258065,89.64516129032258,1044553.96,88.16129032258064,358.0
1959-06-01,24.153333333333332,140.4,0.4745,25.363333333333333,88.86666666666666,1033993.34,74.8,260.0
1959-07-01,23.896774193548385,95.0,0.46703225806451615,25.083870967741937,86.70967741935483,1166355.97,62.87096774193548,239.0
1959-08-01,24.335483870967742,100.3,0.4254193548387097,25.361290322580647,81.54838709677419,1283805.67,53.225806451612904,195.0
1959-09-01,24.53666666666667,133.8,0.4611,25.733333333333334,83.93333333333334,1187481.94,64.96666666666667,247.0
1959-10-01,25.42258064516129,224.1,0.44609677419354843,26.403225806451612,80.90322580645162,1220621.83,71.09677419354838,257.0
1959-11-01,24.970000000000002,255.1,0.47250000000000003,26.59,85.96666666666667,1146508.17,75.66666666666667,305.0
1959-12-01,24.164516129032258,258.3,0.47561290322580646,25.57741935483871,89.45161290322581,1025995.02,90.48387096774194,365.0
1960-01-01,23.59032258064516,419.0,0.4826451612903226,24.816129032258065,91.06451612903226,659380.86,96.45161290322581,552.0
1960-02-01,23.903448275862072,317.0,0.4759310344827586,25.20344827586207,90.20689655172414,879635.84,92.0,431.0
1960-03-01,24.396774193548385,278.8,0.4701935483870968,26.067741935483873,88.16129032258064,1148797.21,86.54838709677419,306.0
1960-04-01,24.513333333333332,302.2,0.47486666666666666,25.953333333333333,89.86666666666666,1018508.91,90.36666666666666,377.0
1960-05-01,24.72258064516129,227.3,0.47193548387096773,25.993548387096773,88.83870967741936,1045786.74,79.0,317.0
1960-06-01,24.55666666666667,88.3,0.44476666666666664,25.513333333333332,84.76666666666667,1194441.76,64.0,219.0
1960-07-01,24.348387096774193,150.79999999999998,0.4601290322580645,25.40967741935484,85.93548387096774,1138248.31,67.45161290322581,284.0
1960-08-01,24.845161290322583,93.6,0.4644838709677419,25.774193548387096,83.54838709677419,1279742.75,58.774193548387096,301.0
1960-09-01,24.68,180.6,0.4671666666666667,25.779999999999998,84.56666666666666,1181783.44,74.33333333333333,276.0
1960-10-01,25.56451612903226,117.3,0.43977419354838715,26.4741935483871,79.19354838709677,1258678.14,70.58064516129032,213.0
1960-11-01,24.766666666666666,337.9,0.4675333333333333,26.339999999999996,86.5,1028731.0599999999,89.96666666666667,364.0
1960-12-01,24.403225806451612,285.8,0.47829032258064513,25.97741935483871,88.64516129032258,1139218.26,80.25806451612904,367.0
1961-01-01,23.725806451612904,352.0,0.47838709677419355,25.238709677419354,90.48387096774194,1008457.24,90.48387096774194,500.0
1961-02-01,23.989285714285717,311.7,0.4780357142857143,25.275000000000002,90.67857142857143,844456.52,94.82142857142857,446.0
1961-03-01,24.496774193548386,260.5,0.47554838709677416,25.916129032258063,88.06451612903226,1108826.32,73.7741935483871,369.0
1961-04-01,24.8,203.6,0.47413333333333335,26.183333333333334,88.83333333333333,1065600.62,86.1,316.0
1961-05-01,24.641935483870967,188.8,0.4703225806451613,25.83225806451613,88.45161290322581,1081993.71,80.38709677419355,323.0
1961-06-01,24.613333333333333,50.0,0.4182666666666667,25.46333333333333,81.86666666666666,1209408.51,58.03333333333333,172.0
1961-07-01,25.016129032258064,49.5,0.36658064516129035,25.77741935483871,76.35483870967742,1293519.74,35.29032258064516,153.0
1961-08-01,25.729032258064517,30.599999999999998,0.3196451612903226,27.25483870967742,71.29032258064517,1297416.41,56.064516129032256,134.0
1961-09-01,25.883333333333333,70.3,0.34913333333333335,27.676666666666666,70.8,1250702.5,47.93333333333333,102.0
1961-10-01,26.529032258064515,97.80000000000001,0.3648064516129032,27.967741935483872,70.74193548387096,1287962.94,45.064516129032256,138.0
1961-11-01,24.71333333333333,248.0,0.47276666666666667,26.623333333333335,86.5,1166796.17,76.36666666666666,324.0
1961-12-01,24.416129032258063,336.6,0.47300000000000003,26.19677419354839,88.7741935483871,984140.17,87.41935483870968,394.0
1962-01-01,23.916129032258063,328.7,0.47274193548387095,25.25483870967742,90.16129032258064,938425.24,94.0,464.0
1962-02-01,23.689285714285713,246.8,0.47914285714285715,25.142857142857142,90.28571428571429,893303.51,95.64285714285714,410.0
1962-03-01,24.216129032258067,348.0,0.4711290322580645,25.82903225806452,89.25806451612904,1013870.14,90.35483870967742,368.0
1962-04-01,24.323333333333334,264.7,0.47309999999999997,25.67,89.36666666666666,972503.5700000001,85.56666666666666,328.0
1962-05-01,24.945161290322584,134.4,0.4609032258064516,26.038709677419355,87.16129032258064,1166974.58,62.87096774193548,296.0
1962-06-01,24.333333333333332,207.3,0.4467666666666667,25.426666666666666,86.76666666666667,1087532.79,73.56666666666666,293.0
1962-07-01,24.138709677419353,127.0,0.45803225806451614,25.193548387096776,86.51612903225806,1152040.76,64.54838709677419,273.0
1962-08-01,24.148387096774194,205.79999999999998,0.45603225806451614,25.164516129032258,84.41935483870968,1110207.68,79.96774193548387,285.0
1962-09-01,24.9,101.7,0.43210000000000004,25.696666666666665,79.8,1239789.1,62.8,184.0
1962-10-01,24.88064516129032,318.90000000000003,0.46480645161290324,26.299999999999997,86.0,1054144.38,80.80645161290323,437.0
1962-11-01,24.37,308.8,0.47506666666666664,25.956666666666667,87.73333333333333,1031613.73,82.6,403.0
1962-12-01,24.106451612903225,316.4,0.4697741935483871,25.661290322580644,88.64516129032258,977504.1900000001,88.58064516129032,344.0
1963-01-01,23.219354838709677,361.40000000000003,0.48132258064516126,24.448387096774194,91.45161290322581,834063.45,98.19354838709677,578.0
1963-02-01,23.310714285714287,290.8,0.4801428571428571,24.592857142857145,91.03571428571429,812444.29,95.85714285714286,450.0
1963-03-01,23.961290322580645,325.8,0.4760322580645161,25.177419354838708,89.64516129032258,876223.79,93.96774193548387,432.0
1963-04-01,24.776666666666664,187.0,0.47113333333333335,26.2,87.13333333333334,1196644.6,63.4,306.0
1963-05-01,25.103225806451615,84.4,0.4553225806451613,26.09032258064516,86.25806451612904,1242291.21,61.645161290322584,243.0
1963-06-01,26.13,30.3,0.35096666666666665,26.33,74.0,1230239.43,50.5,126.0
1963-07-01,26.325806451612905,23.4,0.31209677419354837,27.177419354838708,69.54838709677419,1290595.15,44.61290322580645,99.0
1963-08-01,26.406451612903226,29.3,0.29551612903225805,28.203225806451613,67.58064516129032,1304562.76,50.483870967741936,103.0
1963-09-01,26.8,71.7,0.3126,29.173333333333336,69.03333333333333,1229007.04,56.1,170.0
1963-10-01,25.625806451612902,156.5,0.442741935483871,27.15806451612903,79.58064516129032,1253826.23,58.87096774193548,307.0
1963-11-01,25.503333333333334,196.8,0.44380000000000003,26.73,81.3,1215153.69,59.63333333333333,266.0
1963-12-01,24.55483870967742,313.5,0.4678064516129032,26.229032258064517,86.6774193548387,1148747.3599999999,85.12903225806451,343.0
1964-01-01,24.570967741935487,329.7,0.46819354838709676,26.096774193548388,88.38709677419355,1059968.47,85.48387096774194,408.0
1964-02-01,24.820689655172412,128.1,0.4461379310344828,26.517241379310345,85.82758620689656,1131426.87,75.06896551724138,271.0
1964-03-01,24.39032258064516,298.5,0.4802258064516129,25.783870967741933,89.19354838709677,945939.8200000001,90.09677419354838,403.0
1964-04-01,24.52,263.8,0.47869999999999996,25.970000000000002,90.43333333333334,1016574.42,83.1,332.0
1964-05-01,24.84193548387097,154.5,0.4594193548387097,26.061290322580643,86.90322580645162,1166932.84,69.87096774193549,251.0
1964-06-01,24.61,69.3,0.44436666666666663,25.473333333333336,84.16666666666667,1138408.71,61.9,218.0
1964-07-01,24.467741935483872,83.6,0.42780645161290326,25.14516129032258,82.58064516129032,1226006.87,54.096774193548384,170.0
1964-08-01,24.9741935483871,117.80000000000001,0.4136451612903226,25.751612903225805,79.19354838709677,1260465.25,59.903225806451616,246.0
1964-09-01,24.61,195.6,0.4553333333333333,25.92,85.06666666666666,1127891.59,76.43333333333334,241.0
1964-10-01,24.009677419354837,366.1,0.459516129032258,25.403225806451612,86.96774193548387,1058280.17,87.6774193548387,344.0
1964-11-01,24.386666666666667,167.1,0.4009,25.986666666666668,80.7,1031340.0700000001,76.46666666666667,183.0
1964-12-01,24.20967741935484,247.20000000000002,0.4088709677419355,26.164516129032258,84.06451612903226,1101091.2,78.29032258064517,302.0
1965-01-01,23.01290322580645,355.1,0.48051612903225804,24.480645161290322,90.64516129032258,850786.91,92.87096774193549,482.0
1965-02-01,23.95,342.7,0.47250000000000003,25.714285714285715,89.25,976930.16,84.35714285714286,339.0
1965-03-01,23.780645161290323,199.1,0.46019354838709675,24.93548387096774,87.61290322580645,1029012.31,86.41935483870968,291.0
1965-04-01,24.423333333333336,187.3,0.47073333333333334,25.89333333333333,88.0,1189587.86,64.7,344.0
1965-05-01,24.741935483870968,153.9,0.4703548387096774,25.793548387096774,86.51612903225806,1178052.42,69.25806451612904,274.0
1965-06-01,24.763333333333332,96.3,0.4552,25.423333333333336,83.26666666666667,1196974.73,57.03333333333333,262.0
1965-07-01,24.641935483870967,91.0,0.44664516129032256,25.051612903225806,80.45161290322581,1272816.42,47.61290322580645,244.0
1965-08-01,25.480645161290322,43.4,0.3718064516129032,25.9,74.87096774193549,1295437.89,54.16129032258065,157.0
1965-09-01,26.77,28.9,0.3112333333333333,28.223333333333336,66.96666666666667,1255398.99,55.96666666666667,145.0
1965-10-01,26.896774193548385,145.4,0.32361290322580644,29.17096774193548,71.51612903225806,1288414.43,52.96774193548387,283.0
1965-11-01,25.206666666666667,237.0,0.4685666666666667,26.89333333333333,83.9,1165797.49,77.66666666666667,369.0
1965-12-01,24.425806451612903,320.8,0.4752258064516129,26.07741935483871,88.90322580645162,1151437.16,85.51612903225806,313.0
1966-01-01,24.23548387096774,238.7,0.46499999999999997,25.83225806451613,87.54838709677419,1137423.72,73.16129032258064,313.0
1966-02-01,24.178571428571427,250.7,0.47385714285714287,25.74642857142857,88.78571428571429,880838.41,91.82142857142857,338.0
1966-03-01,24.641935483870967,274.2,0.4757096774193548,26.258064516129032,88.0,1054579.79,84.16129032258064,347.0
1966-04-01,25.40666666666667,185.6,0.43343333333333334,26.676666666666666,84.7,1085176.33,75.63333333333334,273.0
1966-05-01,25.04516129032258,119.7,0.4525483870967742,26.151612903225807,84.93548387096774,1206068.98,76.7741935483871,196.0
1966-06-01,24.063333333333333,97.4,0.4527333333333334,25.003333333333334,84.96666666666667,1166534.85,58.13333333333333,165.0
1966-07-01,24.88064516129032,66.4,0.3985483870967742,25.561290322580643,79.58064516129032,1270319.59,56.935483870967744,172.0
1966-08-01,25.70967741935484,112.0,0.37248387096774194,26.393548387096775,76.45161290322581,1279641.16,57.29032258064516,203.0
1966-09-01,25.59333333333333,115.89999999999999,0.426,26.44333333333333,77.8,1230636.8,66.7,277.0
1966-10-01,24.92258064516129,247.4,0.4543548387096774,26.48709677419355,83.90322580645162,1162024.96,84.51612903225806,316.0
1966-11-01,24.64333333333333,314.6,0.4671,26.34,86.56666666666666,1034870.98,87.6,364.0
1966-12-01,24.248387096774195,352.5,0.4728709677419355,25.783870967741933,88.70967741935483,901405.23,94.25806451612904,385.0
1967-01-01,23.580645161290324,375.5,0.47709677419354835,24.835483870967742,89.80645161290323,830277.88,94.45161290322581,476.0
1967-02-01,23.482142857142858,324.9,0.4722142857142857,24.664285714285715,90.75,744268.8,96.42857142857143,442.0
1967-03-01,24.116129032258065,204.4,0.4480967741935484,25.496774193548386,87.35483870967742,1099585.12,75.6774193548387,333.0
1967-04-01,24.35,228.9,0.4703666666666667,25.86,88.2,1070387.73,77.63333333333334,307.0
1967-05-01,24.612903225806452,119.7,0.4483870967741936,25.799999999999997,85.90322580645162,1229296.06,68.29032258064517,257.0
1967-06-01,25.233333333333334,23.3,0.3499333333333333,25.82,76.83333333333333,1229247.48,45.13333333333333,107.0
1967-07-01,25.5,109.10000000000001,0.3455483870967742,26.570967741935487,75.0,1253051.18,48.58064516129032,203.0
1967-08-01,25.77741935483871,65.1,0.33103225806451614,27.493548387096773,73.09677419354838,1286467.1400000001,46.74193548387097,207.0
1967-09-01,25.7,79.7,0.36333333333333334,27.15666666666667,74.2,1238058.21,64.13333333333334,202.0
1967-10-01,25.73225806451613,134.4,0.41725806451612907,26.94516129032258,77.0,1269170.17,57.483870967741936,178.0
1967-11-01,24.85666666666667,290.4,0.4656333333333333,26.716666666666665,85.26666666666667,1124402.95,78.53333333333333,366.0
1967-12-01,23.961290322580645,394.8,0.4744516129032258,25.67096774193548,89.51612903225806,913382.0700000001,93.45161290322581,472.0
1968-01-01,23.870967741935484,259.3,0.47287096774193543,25.387096774193548,88.64516129032258,964033.23,93.74193548387096,419.0
1968-02-01,23.603448275862068,247.3,0.47786206896551725,25.20689655172414,89.24137931034483,1019825.28,88.10344827586206,390.0
1968-03-01,24.23548387096774,361.6,0.4754516129032258,25.95483870967742,89.96774193548387,1115630.1,91.41935483870968,409.0
1968-04-01,24.166666666666668,235.6,0.4749,25.663333333333334,89.2,1063207.81,83.4,324.0
1968-05-01,24.45483870967742,234.6,0.46951612903225803,25.73225806451613,88.64516129032258,1066315.7,81.0,318.0
1968-06-01,24.206666666666667,184.4,0.47459999999999997,25.53666666666667,88.6,1101708.02,73.56666666666666,276.0
1968-07-01,23.88064516129032,175.3,0.47516129032258064,25.06451612903226,89.29032258064517,987054.61,85.96774193548387,292.0
1968-08-01,23.861290322580647,245.6,0.4744838709677419,25.261290322580646,88.12903225806451,1147772.08,80.61290322580645,379.0
1968-09-01,24.596666666666668,69.3,0.4468666666666667,25.783333333333335,82.76666666666667,1226314.75,66.2,182.0
1968-10-01,24.809677419354838,174.0,0.4505483870967742,26.23225806451613,84.38709677419355,1187112.81,75.16129032258064,250.0
1968-11-01,24.39,328.7,0.47506666666666664,26.166666666666668,87.96666666666667,1111686.6300000001,79.6,342.0
1968-12-01,24.174193548387095,381.1,0.4703870967741935,25.6,88.93548387096774,804519.31,93.54838709677419,443.0
1969-01-01,24.387096774193548,217.3,0.4495806451612903,26.151612903225807,86.09677419354838,1193368.36,75.58064516129032,307.0
1969-02-01,24.439285714285713,203.4,0.4730357142857143,26.075,87.53571428571429,980811.66,85.07142857142857,330.0
1969-03-01,24.91290322580645,278.6,0.4552903225806451,26.574193548387097,87.38709677419355,1165477.25,80.03225806451613,330.0
1969-04-01,24.85,226.6,0.4702,26.303333333333335,88.76666666666667,1071497.87,74.8,347.0
1969-05-01,25.35483870967742,86.1,0.4377741935483871,26.44516129032258,84.64516129032258,1211710.58,66.7741935483871,197.0
1969-06-01,24.913333333333334,52.199999999999996,0.41973333333333335,25.8,82.7,1193700.87,67.7,198.0
1969-07-01,25.283870967741933,50.6,0.3549032258064516,26.164516129032258,76.90322580645162,1257053.04,55.096774193548384,116.0
1969-08-01,25.75483870967742,66.1,0.3159677419354839,27.43548387096774,72.48387096774194,1283445.66,57.516129032258064,105.0
1969-09-01,25.023333333333333,131.1,0.4583333333333333,26.376666666666665,82.9,1184536.5,78.4,291.0
1969-10-01,25.274193548387096,163.2,0.4406774193548387,26.638709677419353,81.87096774193549,1252801.46,65.12903225806451,259.0
1969-11-01,25.06,202.0,0.4583333333333333,26.726666666666667,84.46666666666667,1169871.44,77.0,281.0
1969-12-01,24.583870967741937,190.9,0.46238709677419354,26.12258064516129,85.87096774193549,1105192.74,81.16129032258064,300.0
1970-01-01,24.270967741935483,286.9,0.46538709677419354,25.932258064516127,89.54838709677419,945620.15,85.3225806451613,405.0
1970-02-01,24.5,256.8,0.4831785714285714,26.060714285714287,89.71428571428571,1004950.58,85.89285714285714,419.0
1970-03-01,24.809677419354838,319.8,0.4746774193548387,26.335483870967742,88.61290322580645,1052965.82,87.41935483870968,350.0
1970-04-01,24.63,321.6,0.4754,25.993333333333332,89.93333333333334,947528.2999999999,88.8,362.0
1970-05-01,24.55806451612903,249.0,0.47877419354838713,25.793548387096774,89.64516129032258,1046910.46,80.41935483870968,312.0
1970-06-01,24.566666666666666,106.5,0.45336666666666664,25.496666666666666,86.3,995982.12,72.66666666666667,202.0
1970-07-01,24.496774193548386,97.5,0.43212903225806454,25.40967741935484,82.61290322580645,1202079.16,64.54838709677419,171.0
1970-08-01,24.76451612903226,77.0,0.43229032258064515,25.693548387096776,81.16129032258064,1276124.44,52.61290322580645,220.0
1970-09-01,25.083333333333332,153.2,0.429,26.283333333333335,81.4,1126906.82,74.13333333333334,254.0
1970-10-01,25.26451612903226,207.9,0.4506451612903226,26.603225806451615,82.61290322580645,1205733.11,76.29032258064517,234.0
1970-11-01,24.493333333333332,317.7,0.47103333333333336,26.273333333333333,88.2,1097759.12,84.43333333333334,327.0
1970-12-01,24.067741935483873,220.0,0.47000000000000003,25.425806451612903,88.38709677419355,944340.1,93.74193548387096,331.0
1971-01-01,23.72258064516129,320.8,0.47893548387096774,25.270967741935483,89.51612903225806,880820.34,94.3225806451613,465.0
1971-02-01,23.49285714285714,296.3,0.47617857142857145,24.842857142857145,90.25,870145.38,94.35714285714286,390.0
1971-03-01,24.006451612903227,164.6,0.4627741935483871,25.39032258064516,86.6774193548387,1162217.77,88.90322580645162,254.0
1971-04-01,24.416666666666668,164.8,0.4756666666666666,25.913333333333334,87.83333333333333,1195549.57,69.7,288.0
1971-05-01,24.580645161290324,112.5,0.4505806451612903,25.82903225806452,86.74193548387096,1189804.63,71.25806451612904,226.0
1971-06-01,23.990000000000002,160.0,0.46549999999999997,25.123333333333335,87.23333333333333,1077925.08,78.23333333333333,267.0
1971-07-01,24.06451612903226,49.5,0.45012903225806455,24.948387096774194,84.0,1257401.87,69.90322580645162,193.0
1971-08-01,24.538709677419355,144.10000000000002,0.42019354838709677,25.48709677419355,81.0,1237686.83,66.87096774193549,213.0
1971-09-01,24.759999999999998,143.2,0.4476333333333333,25.716666666666665,82.5,1194499.6,68.63333333333334,216.0
1971-10-01,24.22258064516129,346.3,0.46651612903225803,25.758064516129032,87.6774193548387,1069215.38,83.0,343.0
1971-11-01,23.78666666666667,225.8,0.4719,25.21333333333333,87.7,955914.09,89.7,272.0
1971-12-01,23.861290322580647,259.2,0.4675806451612903,25.451612903225808,88.38709677419355,1058701.72,87.74193548387096,285.0
1972-01-01,23.23548387096774,406.1,0.4765161290322581,24.770967741935483,89.7741935483871,1048640.18,84.45161290322581,430.0
1972-02-01,24.055172413793105,191.3,0.47513793103448276,25.658620689655173,88.24137931034483,1078305.17,84.27586206896552,271.0
1972-03-01,23.932258064516127,155.6,0.4754838709677419,25.583870967741937,88.51612903225806,1152372.12,80.35483870967742,344.0
1972-04-01,24.396666666666665,175.1,0.4723333333333333,25.846666666666668,87.83333333333333,1151382.44,72.03333333333333,292.0
1972-05-01,24.322580645161292,191.2,0.47232258064516125,25.516129032258064,88.16129032258064,1083894.59,73.90322580645162,294.0
1972-06-01,24.783333333333335,4.7,0.3357,25.523333333333333,77.93333333333334,1230285.48,64.83333333333333,28.0
1972-07-01,25.870967741935484,27.999999999999996,0.2816774193548387,27.538709677419355,71.2258064516129,1272523.91,43.32258064516129,62.0
1972-08-01,25.4,67.3,0.3797741935483871,26.629032258064516,78.3225806451613,1246517.99,53.45161290322581,202.0
1972-09-01,26.273333333333333,58.800000000000004,0.3313,28.136666666666667,72.53333333333333,1249306.18,55.3,162.0
1972-10-01,27.135483870967743,95.5,0.3093225806451613,29.906451612903226,68.0,1290564.68,40.935483870967744,186.0
1972-11-01,25.516666666666666,241.6,0.45840000000000003,27.34333333333333,84.0,1169264.3,74.03333333333333,310.0
1972-12-01,24.664516129032258,372.5,0.4759032258064516,26.561290322580643,89.29032258064517,1012073.46,92.74193548387096,371.0
1973-01-01,24.190322580645162,372.0,0.4773225806451613,25.416129032258063,89.90322580645162,825320.37,96.96774193548387,502.0
1973-02-01,24.564285714285713,516.3000000000001,0.47842857142857137,26.217857142857145,89.71428571428571,891116.25,93.46428571428571,470.0
1973-03-01,24.461290322580645,358.9,0.479,25.761290322580646,90.58064516129032,820708.29,93.7741935483871,502.0
1973-04-01,24.90666666666667,267.8,0.4718333333333333,26.466666666666665,89.6,1047790.81,84.06666666666666,334.0
1973-05-01,24.538709677419355,301.5,0.4793225806451613,25.893548387096775,90.51612903225806,955333.77,90.0,391.0
1973-06-01,24.43,170.9,0.4673666666666667,25.586666666666666,88.73333333333333,1025489.13,77.23333333333333,258.0
1973-07-01,24.483870967741936,119.2,0.4481612903225807,25.467741935483872,85.25806451612904,1095511.9,66.7741935483871,218.0
1973-08-01,24.43548387096774,270.8,0.45422580645161287,25.65806451612903,85.64516129032258,1194006.02,74.58064516129032,298.0
1973-09-01,24.173333333333336,278.8,0.47259999999999996,25.48,88.3,938680.81,84.33333333333333,333.0
1973-10-01,24.770967741935483,215.9,0.45870967741935487,26.280645161290323,85.51612903225806,1127707.68,83.83870967741936,292.0
1973-11-01,24.540000000000003,263.6,0.4686,25.91,87.73333333333333,901956.0599999999,91.1,353.0
1973-12-01,23.751612903225805,346.7,0.47770967741935483,25.154838709677417,90.29032258064517,784868.75,97.29032258064517,451.0
1974-01-01,23.216129032258067,281.8,0.47677419354838707,24.38064516129032,90.3225806451613,796226.6,97.25806451612904,509.0
1974-02-01,23.62857142857143,254.0,0.4750357142857143,25.135714285714283,89.57142857142857,894334.86,91.5,363.0
1974-03-01,23.880645161290325,168.0,0.47383870967741937,25.26774193548387,88.06451612903226,1184081.22,85.12903225806451,283.0
1974-04-01,24.470000000000002,303.2,0.46343333333333336,25.94333333333333,88.5,1093038.21,72.83333333333333,332.0
1974-05-01,24.383870967741935,179.5,0.4687741935483871,25.638709677419353,88.0,1148550.38,82.12903225806451,282.0
1974-06-01,24.373333333333335,115.1,0.4251333333333333,25.316666666666666,84.16666666666667,1152008.64,69.5,262.0
1974-07-01,24.038709677419355,145.29999999999998,0.4545483870967742,25.019354838709678,85.3225806451613,1200769.95,68.70967741935483,198.0
1974-08-01,24.387096774193548,177.4,0.474,25.5,86.09677419354838,1200152.14,78.09677419354838,303.0
1974-09-01,24.276666666666664,297.7,0.4686666666666667,25.676666666666666,86.56666666666666,1096097.38,74.03333333333333,317.0
1974-10-01,24.27741935483871,392.8,0.46906451612903227,25.861290322580647,88.90322580645162,1023011.48,91.19354838709677,374.0
1974-11-01,24.333333333333332,346.6,0.47390000000000004,25.923333333333336,88.4,945986.33,90.9,342.0
1974-12-01,23.970967741935485,207.2,0.47061290322580646,25.458064516129035,87.48387096774194,1037731.43,85.48387096774194,285.0
1975-01-01,23.96451612903226,367.1,0.4718387096774193,25.596774193548388,89.03225806451613,1013792.16,90.48387096774194,356.0
1975-02-01,23.682142857142857,343.0,0.4779642857142857,24.985714285714288,90.07142857142857,773772.98,96.03571428571429,428.0
1975-03-01,24.203225806451613,273.8,0.47870967741935483,25.51290322580645,89.06451612903226,968160.36,94.0,353.0
1975-04-01,24.586666666666666,230.8,0.4762333333333333,25.88,89.46666666666667,1059536.03,87.3,302.0
1975-05-01,24.34193548387097,193.2,0.46793548387096773,25.654838709677417,89.12903225806451,1084285.15,75.54838709677419,291.0
1975-06-01,24.563333333333333,51.1,0.4444,25.316666666666666,83.76666666666667,1136657.76,63.56666666666667,156.0
1975-07-01,24.129032258064516,131.7,0.43970967741935485,25.09032258064516,84.90322580645162,1160839.55,66.0,231.0
1975-08-01,24.5,139.6,0.44725806451612904,25.509677419354837,83.83870967741936,1265592.07,62.58064516129032,239.0
1975-09-01,24.16,363.29999999999995,0.46276666666666666,25.459999999999997,87.3,1057924.46,77.4,369.0
1975-10-01,23.93548387096774,341.2,0.4745483870967742,25.33225806451613,89.74193548387096,942246.79,92.64516129032258,393.0
1975-11-01,24.31,350.9,0.4643333333333333,26.006666666666668,87.13333333333334,1021179.48,89.16666666666667,296.0
1975-12-01,23.96451612903226,218.8,0.4605806451612903,25.370967741935484,87.64516129032258,1018303.98,81.38709677419355,307.0
1976-01-01,23.05806451612903,287.3,0.4876774193548387,24.24516129032258,91.03225806451613,738312.78,92.54838709677419,578.0
1976-02-01,23.78620689655172,194.4,0.4767586206896552,25.158620689655173,87.93103448275862,941964.1799999999,85.34482758620689,299.0
1976-03-01,24.02258064516129,192.2,0.47654838709677416,25.138709677419353,88.48387096774194,1043060.9500000001,90.61290322580645,325.0
1976-04-01,24.176666666666666,227.3,0.47486666666666666,25.756666666666668,89.13333333333334,1151127.57,72.93333333333334,354.0
1976-05-01,24.51290322580645,117.8,0.45596774193548384,25.629032258064516,85.93548387096774,1191756.69,72.83870967741936,271.0
1976-06-01,24.759999999999998,63.8,0.4012,25.59,80.9,1188959.83,59.666666666666664,190.0
1976-07-01,25.193548387096776,60.8,0.35593548387096774,26.164516129032258,77.38709677419355,1287055.09,44.096774193548384,165.0
1976-08-01,25.103225806451615,132.8,0.3858064516129032,26.177419354838708,78.74193548387096,1254131.16,60.03225806451613,226.0
1976-09-01,25.09,73.7,0.4086,26.233333333333334,78.6,1232939.01,61.86666666666667,172.0
1976-10-01,24.64516129032258,298.5,0.4641935483870968,26.23225806451613,86.16129032258064,1143590.58,80.58064516129032,346.0
1976-11-01,24.673333333333336,286.2,0.4753,26.243333333333332,87.63333333333334,1039961.9400000001,87.8,355.0
1976-12-01,24.616129032258065,260.9,0.46645161290322584,26.24516129032258,87.25806451612904,1187841.65,77.0,339.0
1977-01-01,24.20967741935484,263.90000000000003,0.4676774193548387,25.748387096774195,89.16129032258064,997148.61,90.54838709677419,443.0
1977-02-01,23.7,282.4,0.48024999999999995,24.967857142857145,90.5,772543.33,95.78571428571429,438.0
1977-03-01,24.029032258064515,307.2,0.47854838709677416,25.30322580645161,90.25806451612904,1056234.96,88.16129032258064,443.0
1977-04-01,24.706666666666667,259.1,0.4755333333333333,26.11,89.43333333333334,1067815.43,81.53333333333333,403.0
1977-05-01,24.812903225806455,157.7,0.4783548387096774,26.03548387096774,87.93548387096774,1204928.22,71.48387096774194,325.0
1977-06-01,24.14333333333333,188.6,0.4723333333333333,25.276666666666664,89.06666666666666,1005240.51,77.33333333333333,306.0
1977-07-01,24.838709677419356,39.8,0.37809677419354837,25.541935483870965,79.61290322580645,1273642.48,52.645161290322584,158.0
1977-08-01,25.161290322580644,86.5,0.3826451612903226,26.093548387096774,76.6774193548387,1287942.91,46.32258064516129,192.0
1977-09-01,25.176666666666666,134.2,0.41583333333333333,26.4,79.3,1229848.22,70.16666666666667,269.0
1977-10-01,25.76774193548387,277.8,0.45406451612903226,26.858064516129033,80.29032258064517,1249113.83,57.70967741935484,289.0
1977-11-01,24.936666666666667,300.1,0.4694333333333333,26.546666666666667,86.26666666666667,1143652.02,79.7,333.0
1977-12-01,24.4741935483871,378.4,0.47732258064516125,26.041935483870965,88.93548387096774,979269.8,88.87096774193549,410.0
1978-01-01,24.316129032258065,281.8,0.48193548387096774,25.616129032258065,89.3225806451613,872241.82,95.2258064516129,403.0
1978-02-01,24.482142857142858,254.7,0.47164285714285714,25.814285714285717,87.71428571428571,978518.53,84.46428571428571,326.0
1978-03-01,24.638709677419353,335.6,0.47670967741935477,26.12258064516129,90.2258064516129,932583.58,92.93548387096774,405.0
1978-04-01,24.803333333333335,223.2,0.4718333333333333,26.220000000000002,87.96666666666667,1091137.43,81.06666666666666,301.0
1978-05-01,25.096774193548388,187.2,0.47596774193548386,26.216129032258067,89.3225806451613,1083160.76,84.03225806451613,318.0
1978-06-01,24.21333333333333,199.1,0.4795666666666667,25.466666666666665,90.36666666666666,937482.1,86.63333333333334,277.0
1978-07-01,23.919354838709676,257.1,0.47341935483870967,25.009677419354837,88.80645161290323,1009110.23,83.2258064516129,349.0
1978-08-01,24.38064516129032,135.6,0.46993548387096773,25.654838709677417,87.41935483870968,1143100.59,74.96774193548387,328.0
1978-09-01,24.09333333333333,282.3,0.4707,25.623333333333335,88.23333333333333,1077348.01,81.56666666666666,357.0
1978-10-01,24.451612903225808,243.5,0.4676774193548387,26.13225806451613,87.25806451612904,1122009.98,84.64516129032258,328.0
1978-11-01,24.52,295.7,0.4618333333333334,26.186666666666667,86.83333333333333,1040244.64,76.53333333333333,290.0
1978-12-01,24.287096774193547,385.2,0.4765806451612903,25.738709677419354,90.19354838709677,890369.11,93.58064516129032,410.0
1979-01-01,24.22258064516129,269.6,0.4768064516129032,25.458064516129035,89.58064516129032,965605.63,90.38709677419355,355.0
1979-02-01,24.47142857142857,309.4,0.4754285714285714,26.042857142857144,89.53571428571429,855298.89,94.57142857142857,318.0
1979-03-01,24.529032258064515,276.6,0.47254838709677416,25.870967741935484,89.83870967741936,944859.32,93.16129032258064,341.0
1979-04-01,24.60666666666667,389.9,0.47546666666666665,25.96333333333333,91.0,838464.0,93.86666666666666,330.0
1979-05-01,24.716129032258067,255.4,0.47777419354838707,25.93548387096774,90.12903225806451,1016528.6,86.12903225806451,266.0
1979-06-01,24.64,168.4,0.4596,25.60666666666667,86.83333333333333,1056415.29,71.23333333333333,193.0
1979-07-01,24.53548387096774,90.9,0.44864516129032256,25.5,83.93548387096774,1255107.98,65.96774193548387,162.0
1979-08-01,24.580645161290324,181.7,0.45332258064516134,25.629032258064516,84.80645161290323,1208463.26,64.54838709677419,216.0
1979-09-01,24.613333333333333,256.0,0.4651666666666667,25.846666666666668,86.73333333333333,1105119.74,77.5,253.0
1979-10-01,24.893548387096775,285.9,0.44483870967741934,26.448387096774194,84.96774193548387,1178625.64,74.74193548387096,235.0
1979-11-01,24.653333333333332,424.3,0.4737,26.326666666666664,89.53333333333333,950233.15,90.73333333333333,357.0
1979-12-01,24.30322580645161,289.9,0.4768064516129032,25.967741935483872,89.83870967741936,971419.22,90.03225806451613,325.0
1980-01-01,24.032258064516128,271.0,0.4801290322580645,25.241935483870968,90.38709677419355,822182.48,97.93548387096774,404.0
1980-02-01,24.29310344827586,246.4,0.4772413793103448,25.603448275862068,89.0,935016.85,89.62068965517241,328.0
1980-03-01,24.651612903225807,251.5,0.46819354838709676,26.200000000000003,87.96774193548387,1134389.13,86.03225806451613,215.0
1980-04-01,24.953333333333333,260.2,0.47523333333333334,26.259999999999998,88.96666666666667,938402.27,87.26666666666667,300.0
1980-05-01,25.203225806451613,158.9,0.4412258064516129,26.348387096774193,86.80645161290323,1139361.97,72.25806451612904,199.0
1980-06-01,25.14333333333333,108.9,0.4472333333333333,26.12,84.86666666666666,1151056.52,65.8,162.0
1980-07-01,24.6,191.5,0.45145161290322583,25.580645161290324,85.35483870967742,1211268.6199999999,60.29032258064516,201.0
1980-08-01,24.316129032258065,139.4,0.45125806451612904,25.4,83.90322580645162,1249246.81,65.25806451612904,202.0
1980-09-01,24.823333333333334,187.2,0.4655666666666667,26.126666666666665,85.5,1178581.92,68.06666666666666,237.0
1980-10-01,24.906451612903226,324.0,0.46338709677419354,26.283870967741933,85.90322580645162,1091659.83,88.61290322580645,294.0
1980-11-01,24.64,307.8,0.47050000000000003,26.116666666666667,88.83333333333333,907174.36,91.16666666666667,270.0
1980-12-01,24.248387096774195,212.5,0.47319354838709676,25.467741935483872,89.29032258064517,753192.28,96.64516129032258,305.0
1981-01-01,23.312903225806455,328.6,0.48409677419354835,24.4,90.74193548387096,680226.87,97.16129032258064,442.0
1981-02-01,24.060714285714287,213.2,0.4825,25.239285714285717,89.28571428571429,844607.86,93.39285714285714,300.0
1981-03-01,24.348387096774193,410.59999999999997,0.4748064516129032,25.858064516129033,90.06451612903226,1008237.24,89.48387096774194,350.0
1981-04-01,24.673333333333336,376.4,0.4761333333333333,26.123333333333335,89.83333333333333,959238.42,91.3,292.0
1981-05-01,24.770967741935483,205.2,0.4757741935483871,25.990322580645163,89.51612903225806,986546.79,87.29032258064517,243.0
1981-06-01,24.633333333333333,124.1,0.47506666666666664,25.743333333333332,87.9,1101549.31,72.26666666666667,224.0
1981-07-01,24.238709677419354,214.1,0.4692903225806452,25.4,88.3225806451613,1070957.18,78.58064516129032,234.0
1981-08-01,24.638709677419353,114.7,0.44693548387096776,25.80322580645161,84.35483870967742,1239588.58,68.90322580645162,170.0
1981-09-01,24.546666666666667,271.0,0.4737,25.993333333333332,87.13333333333334,1098564.87,82.56666666666666,277.0
1981-10-01,24.993548387096773,274.7,0.4611935483870968,26.416129032258063,85.03225806451613,1197136.56,76.87096774193549,228.0
1981-11-01,24.256666666666668,332.1,0.4766666666666667,25.623333333333335,89.13333333333334,808528.97,94.63333333333334,365.0
1981-12-01,24.19677419354839,283.3,0.47380645161290325,25.467741935483872,88.87096774193549,967138.65,91.83870967741936,358.0
1982-01-01,23.425806451612903,410.1,0.478,24.606451612903225,91.87096774193549,728724.55,95.80645161290323,497.0
1982-02-01,23.853571428571428,274.5,0.47867857142857145,25.017857142857142,90.17857142857143,765043.44,90.10714285714286,319.0
1982-03-01,24.125806451612902,372.9,0.4748387096774193,25.32903225806452,89.6774193548387,842999.21,91.38709677419355,359.0
1982-04-01,24.59333333333333,298.8,0.4736333333333333,25.966666666666665,89.76666666666667,947827.27,92.9,293.0
1982-05-01,24.932258064516127,145.6,0.45012903225806455,26.04516129032258,86.45161290322581,1166660.57,73.09677419354838,200.0
1982-06-01,24.746666666666666,94.8,0.44436666666666663,25.63,85.03333333333333,1133063.89,64.96666666666667,144.0
1982-07-01,24.838709677419356,48.1,0.38164516129032255,25.629032258064516,80.51612903225806,1250571.13,55.064516129032256,115.0
1982-08-01,25.26774193548387,51.5,0.37370967741935485,26.09032258064516,77.19354838709677,1277307.34,56.61290322580645,92.0
1982-09-01,25.683333333333334,57.4,0.359,27.266666666666666,75.8,1225427.6199999999,64.96666666666667,144.0
1982-10-01,25.6,165.3,0.40900000000000003,26.758064516129032,77.48387096774194,1226278.23,56.45161290322581,154.0
1982-11-01,25.25,213.9,0.4730333333333333,26.84,85.23333333333333,1152245.79,69.4,246.0
1982-12-01,24.9,389.2,0.47619354838709677,26.654838709677417,88.12903225806451,1044568.04,89.35483870967742,354.0
1983-01-01,24.416129032258063,373.0,0.478,25.806451612903224,90.90322580645162,870068.89,91.51612903225806,426.0
1983-02-01,24.7,414.2,0.4783214285714285,26.282142857142855,90.35714285714286,872797.39,89.46428571428571,352.0
1983-03-01,25.30322580645161,279.0,0.47580645161290325,26.80322580645161,89.0,1041322.2999999999,89.58064516129032,312.0
1983-04-01,25.11,353.3,0.4797,26.476666666666667,90.53333333333333,886937.42,94.73333333333333,312.0
1983-05-01,24.799999999999997,274.7,0.4745483870967742,25.98709677419355,90.87096774193549,888044.6900000001,92.38709677419355,303.0
1983-06-01,25.273333333333333,42.3,0.4288666666666667,26.12,84.03333333333333,1187416.1400000001,53.3,135.0
1983-07-01,25.42258064516129,69.5,0.38587096774193547,26.116129032258065,79.16129032258064,1218503.95,54.645161290322584,98.0
1983-08-01,25.86774193548387,61.0,0.3779032258064516,26.70967741935484,77.25806451612904,1295942.8699999999,50.12903225806452,96.0
1983-09-01,26.08,126.7,0.42066666666666663,27.14333333333333,78.63333333333334,1218923.85,62.53333333333333,204.0
1983-10-01,25.009677419354837,403.6,0.4780967741935484,26.403225806451612,86.64516129032258,1030178.98,85.48387096774194,308.0
1983-11-01,24.153333333333332,364.0,0.473,25.416666666666668,90.0,698635.57,95.16666666666667,362.0
1983-12-01,24.05483870967742,297.5,0.46638709677419354,25.48709677419355,87.90322580645162,962032.13,84.3225806451613,290.0
1984-01-01,23.674193548387095,309.6,0.4766451612903226,24.919354838709676,90.29032258064517,834046.55,96.96774193548387,401.0
1984-02-01,23.727586206896554,328.1,0.48010344827586204,24.900000000000002,90.51724137931035,637763.5,97.82758620689656,409.0
1984-03-01,24.09032258064516,389.2,0.4736774193548387,25.283870967741933,90.09677419354838,838147.23,93.0,372.0
1984-04-01,24.43,377.7,0.4741666666666667,25.87,90.9,903618.29,91.93333333333334,348.0
1984-05-01,24.32903225806452,269.5,0.4703225806451613,25.58709677419355,89.80645161290323,1010185.27,83.48387096774194,254.0
1984-06-01,24.413333333333334,105.10000000000001,0.4449666666666667,25.256666666666668,84.96666666666667,1120576.7,64.63333333333334,164.0
1984-07-01,24.080645161290324,122.6,0.4538387096774194,25.0,86.35483870967742,1097227.36,68.83870967741936,220.0
1984-08-01,24.48709677419355,234.8,0.46245161290322584,25.583870967741937,85.06451612903226,1234961.8599999999,66.54838709677419,251.0
1984-09-01,23.683333333333334,329.2,0.47523333333333334,25.14,89.86666666666666,884562.86,92.0,322.0
1984-10-01,24.541935483870965,284.2,0.4675161290322581,26.061290322580643,86.64516129032258,1130074.81,82.16129032258064,204.0
1984-11-01,24.433333333333334,320.3,0.47550000000000003,26.183333333333334,88.76666666666667,1022137.77,90.63333333333334,308.0
1984-12-01,23.932258064516127,295.5,0.46341935483870966,25.200000000000003,87.83870967741936,856345.49,85.61290322580645,309.0
1985-01-01,24.038709677419355,368.4,0.47896774193548386,25.638709677419353,89.74193548387096,1063124.69,89.45161290322581,364.0
1985-02-01,24.667857142857144,207.4,0.4752142857142857,25.95,87.25,899660.21,94.0,251.0
1985-03-01,24.58709677419355,210.8,0.4689032258064516,25.93548387096774,88.06451612903226,1021897.51,86.64516129032258,261.0
1985-04-01,24.723333333333336,190.3,0.47396666666666665,26.03666666666667,88.9,992696.11,89.76666666666667,217.0
1985-05-01,24.751612903225805,199.1,0.47116129032258064,25.9741935483871,88.3225806451613,1163553.71,72.45161290322581,235.0
1985-06-01,24.116666666666667,210.5,0.4706,25.413333333333334,89.63333333333334,1045460.17,81.43333333333334,234.0
1985-07-01,23.58709677419355,201.9,0.4759032258064516,24.861290322580647,88.83870967741936,1051093.39,78.70967741935483,270.0
1985-08-01,24.187096774193545,136.6,0.45916129032258063,25.396774193548385,85.6774193548387,1227958.87,60.12903225806452,155.0
1985-09-01,24.403333333333332,220.9,0.4614333333333333,25.803333333333335,85.36666666666666,1197846.32,73.83333333333333,234.0
1985-10-01,24.432258064516127,342.6,0.46499999999999997,26.080645161290324,87.6774193548387,1146777.41,80.3225806451613,265.0
1985-11-01,24.586666666666666,269.8,0.45676666666666665,26.273333333333333,87.4,1034866.86,87.76666666666667,254.0
1985-12-01,24.37741935483871,235.5,0.47261290322580646,25.87741935483871,87.61290322580645,1013193.32,91.12903225806451,267.0
1986-01-01,23.68064516129032,368.2,0.4817741935483871,24.783870967741933,90.96774193548387,678503.2,95.93548387096774,497.0
1986-02-01,23.803571428571427,415.0,0.47496428571428567,25.160714285714285,90.10714285714286,834995.34,93.64285714285714,324.0
1986-03-01,23.993548387096773,528.8,0.4730322580645161,25.32903225806452,91.16129032258064,820706.44,95.38709677419355,420.0
1986-04-01,24.686666666666667,319.4,0.47273333333333334,26.046666666666667,89.6,1017649.3,92.36666666666666,258.0
1986-05-01,24.919354838709676,145.3,0.475,26.125806451612902,87.58064516129032,1181985.49,71.74193548387096,215.0
1986-06-01,24.396666666666665,137.2,0.4718666666666666,25.493333333333332,88.46666666666667,1099635.37,70.03333333333333,193.0
1986-07-01,24.003225806451614,132.29999999999998,0.4574516129032258,25.148387096774194,85.93548387096774,1194462.47,66.83870967741936,195.0
1986-08-01,24.048387096774192,161.0,0.44245161290322577,25.151612903225807,85.0,1171090.11,75.06451612903226,220.0
1986-09-01,24.163333333333334,273.7,0.46636666666666665,25.62,87.63333333333334,1091426.08,80.5,246.0
1986-10-01,24.41290322580645,325.2,0.47109677419354834,25.94193548387097,87.96774193548387,1072843.94,87.16129032258064,289.0
1986-11-01,24.17,462.9,0.47550000000000003,25.683333333333334,89.46666666666667,848419.5,91.56666666666666,366.0
1986-12-01,24.396774193548385,370.4,0.4763225806451613,26.12258064516129,89.2258064516129,1086456.77,84.29032258064517,328.0
1987-01-01,23.903225806451612,340.5,0.480741935483871,25.048387096774192,90.35483870967742,750320.62,97.74193548387096,442.0
1987-02-01,23.760714285714283,283.1,0.47414285714285714,25.017857142857142,91.14285714285714,792838.89,92.92857142857143,339.0
1987-03-01,24.60967741935484,323.1,0.4766451612903226,26.13548387096774,89.3225806451613,1098271.18,87.51612903225806,320.0
1987-04-01,24.78666666666667,287.0,0.4759,26.279999999999998,90.23333333333333,1070877.0,82.73333333333333,295.0
1987-05-01,24.780645161290323,174.4,0.4588709677419355,26.080645161290324,87.96774193548387,1150494.83,75.80645161290323,211.0
1987-06-01,25.003333333333334,102.7,0.4532333333333333,25.946666666666665,86.4,1084485.5,74.6,175.0
1987-07-01,25.287096774193547,33.9,0.38458064516129037,26.02258064516129,79.93548387096774,1266736.54,60.16129032258065,121.0
1987-08-01,26.116129032258065,22.3,0.3095483870967742,27.693548387096776,73.09677419354838,1292812.84,54.67741935483871,82.0
1987-09-01,26.216666666666665,82.4,0.3438333333333333,28.086666666666666,75.03333333333333,1239740.48,63.733333333333334,139.0
1987-10-01,25.851612903225806,110.8,0.4447741935483871,27.374193548387098,82.3225806451613,1248391.9,75.0,182.0
1987-11-01,25.48,245.9,0.46336666666666665,27.176666666666666,85.36666666666666,1115468.97,81.6,232.0
1987-12-01,24.532258064516128,418.7,0.47512903225806447,25.74516129032258,89.3225806451613,802559.39,92.25806451612904,377.0
1988-01-01,24.638709677419353,321.3,0.4687741935483871,26.083870967741937,89.70967741935483,882162.63,93.0,352.0
1988-02-01,24.724137931034484,192.9,0.46989655172413797,26.110344827586207,87.72413793103448,997504.15,80.24137931034483,246.0
1988-03-01,24.938709677419357,356.9,0.4766774193548387,26.299999999999997,90.16129032258064,907881.71,94.90322580645162,379.0
1988-04-01,25.25,149.9,0.4638,26.509999999999998,87.03333333333333,1114082.68,76.56666666666666,195.0
1988-05-01,25.12258064516129,235.6,0.47354838709677416,26.325806451612905,89.3225806451613,1069690.04,81.7741935483871,223.0
1988-06-01,24.573333333333334,95.6,0.4658,25.666666666666668,86.83333333333333,1086726.1,72.26666666666667,169.0
1988-07-01,24.858064516129033,82.3,0.4409032258064516,25.73225806451613,83.16129032258064,1234329.22,60.74193548387097,151.0
1988-08-01,24.661290322580644,152.6,0.45648387096774196,25.70967741935484,84.64516129032258,1189743.23,69.58064516129032,181.0
1988-09-01,25.183333333333334,166.2,0.46273333333333333,26.403333333333332,83.7,1190543.96,73.33333333333333,173.0
1988-10-01,24.783870967741933,337.7,0.47077419354838707,26.258064516129032,87.19354838709677,1026567.32,86.61290322580645,263.0
1988-11-01,24.573333333333334,320.1,0.47656666666666664,25.91,89.13333333333334,843722.86,95.06666666666666,294.0
1988-12-01,23.896774193548385,212.2,0.47854838709677416,25.225806451612904,87.87096774193549,1067684.66,86.7741935483871,278.0
1989-01-01,24.32903225806452,428.0,0.4780645161290323,25.83225806451613,89.93548387096774,934528.51,95.12903225806451,425.0
1989-02-01,23.439285714285713,360.1,0.48114285714285715,24.642857142857142,91.75,573728.92,97.92857142857143,458.0
1989-03-01,24.358064516129033,229.29999999999998,0.4690322580645161,25.729032258064517,87.61290322580645,1064198.59,91.74193548387096,180.0
1989-04-01,24.720000000000002,191.8,0.4728333333333333,26.003333333333334,88.03333333333333,1036756.32,86.1,200.0
1989-05-01,24.48709677419355,264.7,0.47693548387096774,25.83225806451613,90.74193548387096,1002960.49,86.12903225806451,269.0
1989-06-01,24.373333333333335,126.7,0.4688333333333333,25.466666666666665,88.06666666666666,1042684.45,79.73333333333333,201.0
1989-07-01,24.361290322580647,137.2,0.4629354838709678,25.5,87.35483870967742,1153814.17,73.19354838709677,157.0
1989-08-01,24.651612903225807,109.1,0.43048387096774193,25.677419354838708,82.54838709677419,1227801.65,64.6774193548387,178.0
1989-09-01,24.826666666666664,149.29999999999998,0.46136666666666665,26.046666666666667,83.8,1201927.51,69.83333333333333,152.0
1989-10-01,24.919354838709676,227.4,0.4682903225806451,26.377419354838707,85.2258064516129,1134380.65,83.29032258064517,228.0
1989-11-01,24.82,242.6,0.4646,26.3,87.36666666666666,1045060.48,86.53333333333333,250.0
1989-12-01,24.299999999999997,367.2,0.47496774193548386,26.009677419354837,90.16129032258064,1019906.33,91.87096774193549,346.0
1990-01-01,23.787096774193547,420.1,0.4786774193548387,24.77741935483871,90.93548387096774,610192.23,97.6774193548387,503.0
1990-02-01,24.414285714285715,366.1,0.47489285714285717,25.967857142857145,90.57142857142857,793385.86,93.35714285714286,357.0
1990-03-01,24.48709677419355,265.5,0.4745483870967742,25.635483870967743,89.2258064516129,881244.65,92.03225806451613,322.0
1990-04-01,25.39333333333333,208.9,0.46796666666666664,26.84333333333333,87.43333333333334,1139596.95,82.36666666666666,255.0
1990-05-01,25.216129032258067,159.9,0.4660967741935484,26.419354838709676,87.87096774193549,1134927.93,73.41935483870968,203.0
1990-06-01,24.883333333333333,108.5,0.4514333333333333,25.95,86.23333333333333,1123152.15,72.83333333333333,156.0
1990-07-01,24.141935483870967,126.4,0.46819354838709676,25.293548387096774,86.51612903225806,1165513.68,67.06451612903226,170.0
1990-08-01,24.45483870967742,213.4,0.4639354838709677,25.822580645161292,87.45161290322581,1196231.28,74.58064516129032,240.0
1990-09-01,24.763333333333332,137.9,0.4620666666666667,26.14,84.7,1197840.24,74.9,212.0
1990-10-01,25.519354838709678,155.4,0.4366774193548387,26.848387096774193,82.38709677419355,1219322.52,70.12903225806451,180.0
1990-11-01,25.353333333333335,185.0,0.4719,27.003333333333334,85.46666666666667,1181546.34,78.4,204.0
1990-12-01,24.31935483870968,421.8,0.479258064516129,25.651612903225807,89.74193548387096,822582.46,96.45161290322581,404.0
1991-01-01,24.10967741935484,337.6,0.4794838709677419,25.251612903225805,91.16129032258064,638157.5599999999,98.51612903225806,453.0
1991-02-01,24.25357142857143,223.7,0.477,25.34642857142857,89.32142857142857,796626.33,93.57142857142857,317.0
1991-03-01,24.625806451612902,407.4,0.47438709677419355,26.212903225806453,89.58064516129032,1097980.41,88.45161290322581,363.0
1991-04-01,24.733333333333334,293.6,0.4698333333333334,25.933333333333334,89.76666666666667,902236.86,89.76666666666667,333.0
1991-05-01,25.080645161290324,123.39999999999999,0.445,26.14516129032258,86.03225806451613,1165420.18,76.6774193548387,163.0
1991-06-01,25.73,23.5,0.3373333333333334,26.61,80.26666666666667,1214194.75,50.46666666666667,93.0
1991-07-01,25.822580645161292,31.2,0.32980645161290323,26.980645161290322,75.7741935483871,1255910.3,59.29032258064516,97.0
1991-08-01,25.9741935483871,39.699999999999996,0.34151612903225803,27.403225806451612,74.6774193548387,1253669.8900000001,65.09677419354838,122.0
1991-09-01,25.826666666666664,75.10000000000001,0.3727,27.456666666666667,76.13333333333334,1197214.98,69.56666666666666,99.0
1991-10-01,26.096774193548388,131.7,0.3839354838709677,27.89032258064516,75.48387096774194,1211893.24,63.45161290322581,131.0
1991-11-01,24.216666666666665,484.40000000000003,0.47579999999999995,25.903333333333332,89.8,839027.46,91.86666666666666,401.0
1991-12-01,24.206451612903226,482.90000000000003,0.4812258064516129,25.73225806451613,90.7741935483871,807292.51,92.90322580645162,444.0
1992-01-01,23.951612903225808,407.5,0.4766774193548387,25.596774193548388,90.54838709677419,911420.42,89.80645161290323,398.0
1992-02-01,24.53793103448276,312.8,0.4789310344827586,25.900000000000002,89.06896551724138,799295.67,94.44827586206897,337.0
1992-03-01,24.690322580645162,343.3,0.47580645161290325,26.251612903225805,89.93548387096774,980618.73,89.06451612903226,339.0
1992-04-01,24.790000000000003,255.1,0.4798666666666666,26.256666666666668,90.26666666666667,903841.57,89.8,275.0
1992-05-01,24.929032258064513,218.3,0.4667096774193548,26.200000000000003,88.74193548387096,1102355.28,79.51612903225806,268.0
1992-06-01,24.73,101.3,0.4565666666666666,25.823333333333334,87.1,1065776.11,64.73333333333333,152.0
1992-07-01,24.274193548387096,101.2,0.4539032258064516,25.26774193548387,85.38709677419355,1197487.04,61.16129032258065,159.0
1992-08-01,24.690322580645162,148.3,0.44980645161290317,25.574193548387097,83.90322580645162,1171870.53,66.09677419354838,192.0
1992-09-01,24.313333333333333,237.3,0.4791666666666667,25.706666666666667,87.63333333333334,1076278.84,81.06666666666666,243.0
1992-10-01,24.293548387096774,520.2,0.474741935483871,25.938709677419357,89.58064516129032,1006438.63,88.06451612903226,371.0
1992-11-01,24.06,480.9,0.4732,25.553333333333335,90.63333333333334,830657.48,95.63333333333334,370.0
1992-12-01,24.34193548387097,312.4,0.474,25.664516129032258,88.6774193548387,878954.29,91.83870967741936,331.0
1993-01-01,23.851612903225806,425.0,0.47709677419354835,25.33225806451613,91.19354838709677,859282.1799999999,93.70967741935483,464.0
1993-02-01,24.150000000000002,226.5,0.47842857142857137,25.603571428571428,88.82142857142857,971706.04,89.92857142857143,266.0
1993-03-01,24.351612903225806,392.2,0.4685161290322581,25.98709677419355,89.16129032258064,1060845.66,88.74193548387096,322.0
1993-04-01,24.459999999999997,346.6,0.47333333333333333,25.916666666666668,89.9,973600.26,88.86666666666666,280.0
1993-05-01,24.916129032258063,195.7,0.46683870967741936,26.032258064516128,88.45161290322581,1099301.29,79.41935483870968,276.0
1993-06-01,24.853333333333335,134.3,0.4577,25.816666666666666,86.8,1098219.61,71.83333333333333,144.0
1993-07-01,24.741935483870968,101.3,0.44006451612903225,25.603225806451615,84.12903225806451,1239231.1,63.12903225806452,212.0
1993-08-01,24.570967741935487,139.5,0.46196774193548384,25.648387096774194,84.7741935483871,1211881.89,69.54838709677419,190.0
1993-09-01,24.726666666666667,130.9,0.46626666666666666,25.94,83.46666666666667,1206309.1,69.23333333333333,197.0
1993-10-01,25.129032258064516,205.3,0.47038709677419355,26.52258064516129,84.48387096774194,1184102.73,69.61290322580645,234.0
1993-11-01,25.123333333333335,303.4,0.4648333333333333,26.57,86.6,1005243.79,87.33333333333333,250.0
1993-12-01,24.5258064516129,466.0,0.4746129032258064,25.938709677419357,89.83870967741936,902917.58,88.83870967741936,354.0
1994-01-01,24.05483870967742,370.7,0.47561290322580646,25.322580645161292,90.74193548387096,807883.62,97.12903225806451,414.0
1994-02-01,24.396428571428572,374.6,0.47546428571428573,25.803571428571427,89.96428571428571,809622.77,96.0,346.0
1994-03-01,24.35483870967742,446.09999999999997,0.4765161290322581,25.548387096774192,90.19354838709677,807947.9,96.70967741935483,364.0
1994-04-01,24.473333333333336,366.6,0.4763,25.82,90.0,972429.29,88.26666666666667,351.0
1994-05-01,24.951612903225808,148.2,0.4477419354838709,25.9,84.51612903225806,1179275.8900000001,72.87096774193549,177.0
1994-06-01,24.98,80.10000000000001,0.4313333333333333,25.763333333333332,83.06666666666666,1180175.85,60.233333333333334,145.0
1994-07-01,25.4741935483871,18.0,0.35016129032258064,26.003225806451614,74.51612903225806,1251666.73,51.0,62.0
1994-08-01,25.61935483870968,52.0,0.3466129032258064,26.706451612903226,74.6774193548387,1278484.27,58.064516129032256,124.0
1994-09-01,25.273333333333333,159.0,0.4216666666666667,26.75,79.46666666666667,1222573.81,64.0,170.0
1994-10-01,25.43548387096774,158.6,0.45754838709677415,26.648387096774194,82.03225806451613,1230319.55,64.3225806451613,183.0
1994-11-01,25.023333333333333,345.1,0.4737666666666666,26.726666666666667,87.8,1114686.01,85.33333333333333,311.0
1994-12-01,24.532258064516128,411.0,0.47438709677419355,25.94193548387097,89.41935483870968,903210.28,89.70967741935483,372.0
1995-01-01,24.04516129032258,410.7,0.4786774193548387,25.299999999999997,90.83870967741936,763589.74,95.41935483870968,428.0
1995-02-01,24.307142857142857,286.8,0.47714285714285715,25.585714285714285,89.75,795635.38,96.85714285714286,355.0
1995-03-01,24.438709677419357,430.7,0.47593548387096773,25.84193548387097,90.45161290322581,908768.7999999999,95.2258064516129,401.0
1995-04-01,24.86,221.70000000000002,0.4728333333333333,26.066666666666666,88.96666666666667,982523.09,85.83333333333333,268.0
1995-05-01,25.006451612903227,208.9,0.4699032258064516,26.12258064516129,88.25806451612904,1122650.03,69.29032258064517,255.0
1995-06-01,24.826666666666664,324.7,0.46906666666666663,25.923333333333336,88.83333333333333,1030368.13,76.76666666666667,203.0
1995-07-01,24.270967741935483,178.20000000000002,0.4720967741935484,25.283870967741933,87.16129032258064,1125830.69,69.06451612903226,197.0
1995-08-01,25.432258064516127,42.2,0.3914516129032258,26.299999999999997,79.61290322580645,1274665.4,61.16129032258065,97.0
1995-09-01,25.596666666666668,299.0,0.4316333333333333,26.763333333333332,81.5,1180918.17,72.16666666666667,211.0
1995-10-01,24.938709677419357,291.6,0.46638709677419354,26.40967741935484,87.0,1039760.78,83.74193548387096,291.0
1995-11-01,24.403333333333332,507.2,0.4782,25.64333333333333,90.26666666666667,680760.08,94.1,459.0
1995-12-01,24.22258064516129,215.1,0.46774193548387094,25.34193548387097,88.06451612903226,917736.9400000001,94.45161290322581,295.0
1996-01-01,23.725806451612904,335.3,0.4791290322580645,24.993548387096773,90.45161290322581,797753.35,92.2258064516129,490.0
1996-02-01,23.92758620689655,298.8,0.4782758620689655,25.231034482758623,90.10344827586206,848539.88,96.10344827586206,446.0
1996-03-01,24.583870967741937,270.0,0.46974193548387094,25.9741935483871,89.41935483870968,1035680.6,84.2258064516129,350.0
1996-04-01,24.833333333333332,294.4,0.46876666666666666,26.240000000000002,88.06666666666666,1089804.59,81.36666666666666,319.0
1996-05-01,25.248387096774195,105.0,0.4489354838709677,26.29032258064516,85.2258064516129,1226594.82,59.83870967741935,259.0
1996-06-01,25.003333333333334,136.5,0.4666666666666667,25.796666666666667,86.2,1116876.64,62.46666666666667,272.0
1996-07-01,25.080645161290324,119.0,0.46741935483870967,25.893548387096775,84.51612903225806,1201726.9,61.38709677419355,282.0
1996-08-01,24.91290322580645,221.20000000000002,0.4613548387096774,25.94193548387097,84.06451612903226,1214914.94,70.25806451612904,292.0
1996-09-01,25.15666666666667,173.6,0.4589666666666667,26.30666666666667,83.93333333333334,1195137.9,66.83333333333333,275.0
1996-10-01,24.783870967741933,406.4,0.4726451612903226,26.193548387096776,88.19354838709677,965087.58,84.6774193548387,381.0
1996-11-01,24.596666666666668,370.6,0.46969999999999995,26.173333333333336,88.56666666666666,983194.66,88.16666666666667,336.0
1996-12-01,24.01290322580645,411.8,0.46951612903225803,25.203225806451613,88.64516129032258,843243.25,92.80645161290323,412.0
1997-01-01,23.825806451612905,322.8,0.4823225806451613,25.080645161290324,89.45161290322581,935437.39,95.35483870967742,446.0
1997-02-01,24.00714285714286,253.8,0.4785714285714286,25.021428571428572,88.60714285714286,695905.53,96.85714285714286,350.0
1997-03-01,24.629032258064516,166.4,0.4744193548387096,26.11935483870968,87.48387096774194,1219694.61,73.09677419354838,251.0
1997-04-01,24.686666666666667,207.3,0.4779,26.023333333333333,88.33333333333333,1045483.91,82.26666666666667,258.0
1997-05-01,24.967741935483872,153.4,0.47138709677419355,26.161290322580644,87.06451612903226,1200077.2,72.93548387096774,214.0
1997-06-01,25.34333333333333,25.7,0.39553333333333335,25.823333333333334,79.36666666666666,1231426.29,43.3,99.0
1997-07-01,25.483870967741936,53.099999999999994,0.36274193548387096,25.929032258064513,76.45161290322581,1189392.53,59.83870967741935,103.0
1997-08-01,26.05806451612903,44.2,0.33780645161290324,27.29032258064516,72.83870967741936,1290656.62,55.193548387096776,101.0
1997-09-01,27.206666666666667,16.7,0.28223333333333334,29.636666666666667,67.46666666666667,1263131.27,44.96666666666667,60.0
1997-10-01,26.467741935483872,136.0,0.38367741935483873,28.074193548387097,75.25806451612904,1265123.83,49.58064516129032,134.0
1997-11-01,25.753333333333334,247.1,0.4438333333333333,27.433333333333334,81.66666666666667,1186702.89,61.733333333333334,211.0
1997-12-01,25.02258064516129,265.4,0.4700322580645161,26.59032258064516,87.38709677419355,1047073.64,86.3225806451613,260.0
1998-01-01,25.280645161290323,281.9,0.4689354838709678,26.9741935483871,88.64516129032258,1153746.09,86.58064516129032,312.0
1998-02-01,25.13214285714286,382.8,0.47578571428571426,26.74642857142857,90.92857142857143,823658.94,93.46428571428571,344.0
1998-03-01,25.287096774193547,434.9,0.477258064516129,26.848387096774193,90.61290322580645,966858.48,93.3225806451613,403.0
1998-04-01,25.45,321.8,0.4723333333333333,26.826666666666664,90.3,927814.0,91.56666666666666,308.0
1998-05-01,25.70967741935484,160.70000000000002,0.4719354838709678,26.90967741935484,88.87096774193549,1105845.9,76.58064516129032,194.0
1998-06-01,24.740000000000002,343.2,0.4786,26.016666666666666,90.66666666666667,954341.09,87.3,256.0
1998-07-01,24.41290322580645,223.1,0.47403225806451615,25.648387096774194,89.90322580645162,1014884.2,82.03225806451613,240.0
1998-08-01,24.75483870967742,160.6,0.4688064516129032,26.003225806451614,86.03225806451613,1208334.62,71.03225806451613,209.0
1998-09-01,25.009999999999998,251.1,0.4602333333333333,26.203333333333333,85.36666666666666,1040400.42,75.03333333333333,220.0
1998-10-01,24.751612903225805,384.4,0.4705483870967742,26.187096774193545,89.64516129032258,907885.19,88.58064516129032,342.0
1998-11-01,24.513333333333332,391.9,0.473,25.513333333333332,89.4,681495.32,94.63333333333334,406.0
1998-12-01,24.31935483870968,291.1,0.47141935483870967,25.506451612903227,89.51612903225806,759339.3,95.41935483870968,384.0
1999-01-01,23.983870967741936,460.5,0.4792258064516129,24.993548387096773,90.93548387096774,684002.45,95.45161290322581,479.0
1999-02-01,24.021428571428572,218.0,0.47814285714285715,25.12857142857143,89.75,730564.83,92.32142857142857,320.0
1999-03-01,24.770967741935483,256.40000000000003,0.47493548387096773,25.864516129032257,87.61290322580645,956622.59,93.45161290322581,290.0
1999-04-01,25.003333333333334,162.5,0.46503333333333335,26.18,86.53333333333333,1107755.96,79.66666666666667,215.0
1999-05-01,24.383870967741935,190.6,0.47000000000000003,25.6,89.16129032258064,1087147.55,78.48387096774194,228.0
1999-06-01,24.336666666666666,161.9,0.45843333333333336,25.346666666666668,86.03333333333333,1141421.0,59.93333333333333,178.0
1999-07-01,23.951612903225808,112.5,0.4575806451612903,24.86774193548387,84.96774193548387,1200471.22,68.2258064516129,190.0
1999-08-01,24.612903225806452,148.9,0.4347741935483871,25.39032258064516,80.74193548387096,1271953.37,59.61290322580645,178.0
1999-09-01,25.473333333333336,148.7,0.426,26.043333333333333,78.1,1221306.62,57.0,134.0
1999-10-01,24.66774193548387,357.2,0.4746129032258064,26.125806451612902,86.7741935483871,1072064.87,80.6774193548387,281.0
1999-11-01,24.48,361.2,0.47119999999999995,25.85,88.1,916158.0,93.33333333333333,313.0
1999-12-01,24.14516129032258,323.1,0.4793870967741935,25.451612903225808,89.6774193548387,873415.86,95.48387096774194,372.0
2000-01-01,23.94193548387097,341.3,0.47829032258064513,25.351612903225806,90.03225806451613,876298.42,94.0,412.0
2000-02-01,24.155172413793103,279.2,0.4766896551724138,25.141379310344828,88.34482758620689,787742.69,97.24137931034483,343.0
2000-03-01,24.251612903225805,275.4,0.4732258064516129,25.393548387096775,88.74193548387096,911070.91,95.0,293.0
2000-04-01,24.66,299.5,0.46640000000000004,25.86,89.33333333333333,959931.1,92.56666666666666,292.0
2000-05-01,24.74516129032258,178.4,0.4775483870967742,26.032258064516128,89.03225806451613,1113882.48,73.16129032258064,229.0
2000-06-01,24.19,131.1,0.47390000000000004,25.19,87.9,1018007.36,72.43333333333334,214.0
2000-07-01,24.403225806451612,93.0,0.4513870967741936,25.283870967741933,84.25806451612904,1238711.46,59.83870967741935,156.0
2000-08-01,24.677419354838708,87.0,0.4469677419354839,25.483870967741936,81.83870967741936,1262467.92,71.61290322580645,165.0
2000-09-01,25.333333333333332,146.9,0.42946666666666666,26.4,81.1,1206965.77,59.06666666666667,158.0
2000-10-01,24.809677419354838,259.1,0.4662258064516129,26.23548387096774,86.87096774193549,1051621.09,84.87096774193549,227.0
2000-11-01,24.476666666666667,401.09999999999997,0.473,25.833333333333332,90.36666666666666,792552.5,93.8,366.0
2000-12-01,24.758064516129032,181.0,0.45045161290322583,26.14516129032258,84.87096774193549,1123287.6,86.58064516129032,163.0
2001-01-01,24.248387096774195,358.9,0.4737096774193549,25.606451612903225,89.83870967741936,820363.29,95.80645161290323,378.0
2001-02-01,23.885714285714283,343.40000000000003,0.48114285714285715,24.928571428571427,89.46428571428571,713505.31,90.0,360.0
2001-03-01,24.322580645161292,426.4,0.4774516129032258,25.629032258064516,89.70967741935483,922189.61,93.93548387096774,292.0
2001-04-01,24.766666666666666,264.7,0.4715333333333333,26.09333333333333,88.4,1032593.08,85.33333333333333,260.0
2001-05-01,24.9741935483871,144.29999999999998,0.47361290322580646,26.14516129032258,86.70967741935483,1213333.99,72.45161290322581,193.0
2001-06-01,24.216666666666665,123.4,0.4560666666666667,25.296666666666667,86.8,1100534.12,75.06666666666666,172.0
2001-07-01,24.54516129032258,73.6,0.40458064516129033,25.26451612903226,81.45161290322581,1237741.75,63.064516129032256,147.0
2001-08-01,25.08709677419355,101.6,0.4379032258064516,25.958064516129035,81.48387096774194,1271842.55,69.83870967741936,203.0
2001-09-01,25.19333333333333,158.9,0.46166666666666667,26.376666666666665,83.53333333333333,1180132.77,64.43333333333334,197.0
2001-10-01,24.758064516129032,296.0,0.47409677419354834,26.241935483870968,88.25806451612904,1061136.89,90.7741935483871,298.0
2001-11-01,24.516666666666666,389.9,0.4799,25.94,89.7,800610.07,91.76666666666667,399.0
2001-12-01,24.44516129032258,141.3,0.43916129032258067,25.9,84.38709677419355,1140690.51,79.16129032258064,145.0
2002-01-01,24.18064516129032,416.9,0.47854838709677416,25.616129032258065,90.87096774193549,907341.89,87.64516129032258,474.0
2002-02-01,23.97142857142857,282.1,0.47932142857142856,25.146428571428572,90.39285714285714,776172.8,93.39285714285714,384.0
2002-03-01,24.812903225806455,321.4,0.4678709677419355,26.448387096774194,88.3225806451613,1136048.87,83.90322580645162,301.0
2002-04-01,24.743333333333332,224.3,0.477,26.153333333333332,89.43333333333334,1018558.89,80.5,281.0
2002-05-01,25.141935483870967,114.6,0.45203225806451613,26.283870967741933,86.93548387096774,1183103.04,59.03225806451613,201.0
2002-06-01,25.1,77.2,0.43703333333333333,25.916666666666668,83.23333333333333,1191600.66,58.6,143.0
2002-07-01,24.838709677419356,120.0,0.45441935483870965,25.783870967741933,84.2258064516129,1196277.33,69.93548387096774,200.0
2002-08-01,24.929032258064513,57.8,0.410741935483871,25.74516129032258,79.16129032258064,1282557.32,60.58064516129032,135.0
2002-09-01,25.83,61.5,0.3516,27.2,76.43333333333334,1228060.97,72.93333333333334,130.0
2002-10-01,26.703225806451613,43.9,0.348258064516129,28.23548387096774,73.25806451612904,1280792.61,57.29032258064516,80.0
2002-11-01,25.576666666666664,254.4,0.4492,27.483333333333334,84.7,1109646.78,80.86666666666666,268.0
2002-12-01,25.093548387096774,282.09999999999997,0.4720967741935484,26.612903225806452,87.74193548387096,1013704.49,85.38709677419355,321.0
2003-01-01,24.94193548387097,217.5,0.4262258064516129,26.35483870967742,85.38709677419355,1056406.79,71.7741935483871,227.0
2003-02-01,24.375,308.8,0.4832142857142857,25.685714285714287,90.14285714285714,759545.03,95.82142857142857,351.0
2003-03-01,24.66774193548387,258.2,0.4779354838709677,26.103225806451615,88.96774193548387,1106226.6,81.93548387096774,275.0
2003-04-01,25.34333333333333,161.9,0.4683,26.746666666666666,86.76666666666667,1173198.91,70.23333333333333,241.0
2003-05-01,25.335483870967742,106.3,0.4543548387096774,26.396774193548385,85.93548387096774,1168974.89,70.0,190.0
2003-06-01,25.459999999999997,49.5,0.38930000000000003,25.996666666666666,79.93333333333334,1203359.95,44.2,113.0
2003-07-01,25.73225806451613,33.3,0.36416129032258066,26.274193548387096,75.51612903225806,1279387.09,58.58064516129032,103.0
2003-08-01,25.61935483870968,83.9,0.36258064516129035,27.016129032258064,78.12903225806451,1249121.0,65.12903225806451,184.0
2003-09-01,25.503333333333334,121.80000000000001,0.42060000000000003,26.736666666666668,79.8,1184640.12,78.96666666666667,173.0
2003-10-01,25.112903225806452,371.9,0.4543225806451613,26.664516129032258,85.51612903225806,1118766.75,84.03225806451613,306.0
2003-11-01,24.853333333333335,298.6,0.47873333333333334,26.35,88.23333333333333,921769.52,86.76666666666667,313.0
2003-12-01,24.299999999999997,324.3,0.4796774193548387,25.664516129032258,90.0,872133.03,91.29032258064517,371.0
2004-01-01,24.635483870967743,320.5,0.47735483870967743,26.18064516129032,89.3225806451613,1084502.56,88.09677419354838,350.0
2004-02-01,24.268965517241377,264.2,0.47572413793103446,25.50344827586207,90.55172413793103,770031.27,97.24137931034483,349.0
2004-03-01,24.725806451612904,284.3,0.47335483870967743,25.82903225806452,89.06451612903226,860763.55,90.64516129032258,311.0
2004-04-01,25.23,213.0,0.4716666666666667,26.696666666666665,87.36666666666666,1166798.84,73.36666666666666,213.0
2004-05-01,24.861290322580647,286.1,0.46948387096774197,26.129032258064516,87.87096774193549,1132174.41,68.93548387096774,230.0
2004-06-01,24.490000000000002,45.7,0.4098333333333333,25.333333333333332,82.33333333333333,1152689.62,62.3,117.0
2004-07-01,24.345161290322583,80.2,0.43316129032258066,25.138709677419353,83.16129032258064,1216444.31,64.19354838709677,151.0
2004-08-01,25.57741935483871,17.8,0.3136774193548387,26.796774193548387,74.16129032258064,1291523.72,63.83870967741935,83.0
2004-09-01,25.253333333333334,120.7,0.4001666666666666,26.88,81.23333333333333,1207369.57,60.266666666666666,200.0
2004-10-01,25.925806451612903,88.1,0.3794838709677419,27.52258064516129,77.83870967741936,1242823.6600000001,65.80645161290323,117.0
2004-11-01,25.220000000000002,268.2,0.4735,26.84,86.46666666666667,1021778.12,81.26666666666667,294.0
2004-12-01,24.45483870967742,315.9,0.47403225806451615,25.783870967741933,89.2258064516129,823049.55,92.16129032258064,374.0
2005-01-01,24.370967741935484,314.1,0.47361290322580646,25.748387096774195,89.7741935483871,1028747.68,85.35483870967742,326.0
2005-02-01,24.707142857142856,325.8,0.4724285714285714,26.275000000000002,89.32142857142857,897411.28,86.07142857142857,303.0
2005-03-01,24.91290322580645,286.7,0.47380645161290325,26.406451612903226,88.7741935483871,1062552.01,83.90322580645162,299.0
2005-04-01,25.333333333333332,150.3,0.46290000000000003,26.64333333333333,86.3,1141908.58,75.56666666666666,196.0
2005-05-01,25.306451612903224,115.4,0.4518064516129032,26.361290322580647,85.70967741935483,1207421.28,67.09677419354838,204.0
2005-06-01,24.663333333333334,146.1,0.46773333333333333,25.763333333333332,88.13333333333334,1089571.96,71.16666666666667,200.0
2005-07-01,24.58709677419355,115.9,0.4565806451612903,25.519354838709678,85.03225806451613,1193202.53,76.0,167.0
2005-08-01,24.664516129032258,160.20000000000002,0.46035483870967747,25.725806451612904,84.64516129032258,1210555.19,61.806451612903224,205.0
2005-09-01,25.33,111.1,0.45346666666666663,26.43,83.3,1207603.29,68.0,167.0
2005-10-01,25.009677419354837,239.5,0.4722258064516129,26.40967741935484,86.54838709677419,1045730.0399999999,83.06451612903226,285.0
2005-11-01,24.94333333333333,259.1,0.47109999999999996,26.34,86.16666666666667,1006385.15,83.23333333333333,262.0
2005-12-01,24.580645161290324,230.7,0.4703225806451613,25.84193548387097,88.16129032258064,850837.28,95.38709677419355,256.0
2006-01-01,24.096774193548388,432.2,0.47722580645161294,25.309677419354838,90.3225806451613,805701.73,96.58064516129032,406.0
2006-02-01,24.603571428571428,353.6,0.47224999999999995,26.064285714285713,89.46428571428571,902768.8,87.75,297.0
2006-03-01,24.625806451612902,242.9,0.4743225806451613,25.861290322580647,88.70967741935483,960809.71,89.87096774193549,307.0
2006-04-01,24.603333333333335,223.5,0.47259999999999996,25.80666666666667,88.83333333333333,1045944.79,82.33333333333333,244.0
2006-05-01,24.887096774193548,153.7,0.4639032258064516,26.01290322580645,87.16129032258064,1124821.97,75.45161290322581,201.0
2006-06-01,24.866666666666667,55.2,0.4393333333333333,25.506666666666668,82.53333333333333,1167438.78,68.86666666666666,117.0
2006-07-01,25.44193548387097,63.8,0.3855483870967742,26.07741935483871,79.83870967741936,1259230.01,62.193548387096776,135.0
2006-08-01,25.63225806451613,21.5,0.3324516129032258,26.56451612903226,72.41935483870968,1301153.88,55.45161290322581,84.0
2006-09-01,26.653333333333332,10.7,0.2876666666666667,28.886666666666667,68.26666666666667,1259590.89,55.333333333333336,46.0
2006-10-01,26.84193548387097,110.4,0.34696774193548385,29.458064516129035,72.06451612903226,1264357.79,55.935483870967744,155.0
2006-11-01,25.723333333333336,226.79999999999998,0.46123333333333333,27.336666666666666,83.86666666666666,1198130.05,67.26666666666667,238.0
2006-12-01,24.961290322580645,421.90000000000003,0.47587096774193544,26.538709677419355,89.45161290322581,895417.07,88.74193548387096,397.0
2007-01-01,25.080645161290324,172.1,0.42787096774193545,26.574193548387097,83.90322580645162,1125853.82,78.51612903225806,203.0
2007-02-01,24.478571428571428,299.2,0.4783928571428571,26.11785714285714,89.71428571428571,936838.21,91.14285714285714,357.0
2007-03-01,24.729032258064517,242.8,0.47758064516129034,25.88064516129032,88.29032258064517,949804.12,92.06451612903226,304.0
2007-04-01,24.759999999999998,341.0,0.47536666666666666,26.19,90.23333333333333,943203.92,91.9,346.0
2007-05-01,25.06451612903226,138.4,0.4655483870967742,26.096774193548388,87.2258064516129,1097658.63,70.7741935483871,209.0
2007-06-01,24.77,150.0,0.46646666666666664,25.73,87.13333333333334,1013024.26,63.1,214.0
2007-07-01,25.141935483870967,49.3,0.42632258064516126,25.661290322580644,80.58064516129032,1255424.37,66.93548387096774,111.0
2007-08-01,25.812903225806455,80.0,0.38483870967741934,26.45483870967742,75.6774193548387,1282289.85,56.74193548387097,145.0
2007-09-01,26.086666666666666,85.4,0.39676666666666666,27.046666666666667,75.56666666666666,1220046.41,71.56666666666666,167.0
2007-10-01,25.65806451612903,202.0,0.42209677419354835,27.270967741935483,81.87096774193549,1162792.6199999999,75.35483870967742,224.0
2007-11-01,25.0,195.5,0.45893333333333336,26.6,85.3,1083043.89,84.96666666666667,186.0
2007-12-01,24.306451612903224,478.5,0.47393548387096773,25.651612903225807,90.51612903225806,805595.37,95.74193548387096,414.0
2008-01-01,24.66774193548387,195.0,0.4565483870967742,26.0258064516129,87.29032258064517,1082152.17,76.29032258064517,266.0
2008-02-01,23.78965517241379,329.6,0.4832068965517241,24.824137931034482,90.06896551724138,678902.88,96.79310344827586,482.0
2008-03-01,24.287096774193547,367.5,0.4771290322580645,25.574193548387097,89.06451612903226,1035466.0,90.45161290322581,339.0
2008-04-01,24.759999999999998,241.2,0.46956666666666663,26.053333333333335,87.53333333333333,1066019.38,78.43333333333334,304.0
2008-05-01,24.932258064516127,47.3,0.42964516129032254,25.86451612903226,83.03225806451613,1232579.7,63.16129032258065,132.0
2008-06-01,24.953333333333333,98.39999999999999,0.43556666666666666,25.586666666666666,82.46666666666667,1177083.36,55.13333333333333,137.0
2008-07-01,25.719354838709677,12.9,0.3077741935483871,26.541935483870965,72.80645161290323,1278539.58,46.67741935483871,41.0
2008-08-01,25.096774193548388,210.4,0.44135483870967746,26.13225806451613,81.70967741935483,1233493.19,67.25806451612904,196.0
2008-09-01,25.573333333333334,62.0,0.43229999999999996,26.456666666666667,80.36666666666666,1196436.5,67.2,121.0
2008-10-01,25.177419354838708,233.1,0.473258064516129,26.64516129032258,85.96774193548387,1096076.02,77.80645161290323,236.0
2008-11-01,24.723333333333336,402.6,0.4669,26.14333333333333,89.4,879461.97,92.16666666666667,306.0
2008-12-01,24.4,391.8,0.47241935483870967,25.75483870967742,89.6774193548387,876903.5700000001,94.19354838709677,380.0
2009-01-01,24.051612903225806,211.5,0.47341935483870967,25.37741935483871,89.19354838709677,891316.32,89.38709677419355,323.0
2009-02-01,23.974999999999998,336.4,0.47807142857142854,25.017857142857142,90.60714285714286,624419.37,97.64285714285714,376.0
2009-03-01,24.725806451612904,289.9,0.46654838709677415,26.206451612903226,87.58064516129032,1172912.1,78.64516129032258,253.0
2009-04-01,25.053333333333335,250.5,0.46780000000000005,26.40666666666667,88.36666666666666,1054000.89,78.9,247.0
2009-05-01,25.038709677419355,164.8,0.4730322580645161,26.08709677419355,87.74193548387096,1100406.15,74.0,231.0
2009-06-01,24.986666666666668,98.2,0.46456666666666663,25.88,85.53333333333333,1147163.64,57.43333333333333,173.0
2009-07-01,25.393548387096775,58.0,0.40022580645161293,25.812903225806455,77.48387096774194,1258648.17,60.12903225806452,100.0
2009-08-01,26.106451612903225,35.7,0.35393548387096774,26.887096774193548,75.51612903225806,1292359.81,56.54838709677419,118.0
2009-09-01,26.533333333333335,65.3,0.3473333333333333,28.123333333333335,74.6,1225751.12,60.7,96.0
2009-10-01,25.770967741935483,191.8,0.44506451612903225,27.1,81.64516129032258,1226102.28,70.0,199.0
2009-11-01,25.13,428.6,0.4706666666666666,26.403333333333332,87.33333333333333,836637.51,83.76666666666667,350.0
2009-12-01,25.051612903225806,252.2,0.4720967741935484,26.53548387096774,87.35483870967742,1028504.9299999999,85.74193548387096,295.0
2010-01-01,24.43548387096774,330.9,0.4745483870967742,25.73225806451613,89.90322580645162,882084.55,93.96774193548387,392.0
2010-02-01,25.107142857142858,390.2,0.47250000000000003,26.517857142857142,89.67857142857143,861231.72,91.92857142857143,342.0
2010-03-01,25.032258064516128,406.4,0.47596774193548386,26.432258064516127,90.70967741935483,806405.04,91.70967741935483,388.0
2010-04-01,25.926666666666666,128.0,0.458,26.973333333333336,85.43333333333334,1132745.08,83.43333333333334,148.0
2010-05-01,25.583870967741937,261.9,0.47296774193548385,26.661290322580644,89.06451612903226,1032595.9400000001,82.48387096774194,259.0
2010-06-01,24.836666666666666,190.7,0.4700666666666667,25.873333333333335,89.06666666666666,906152.77,81.53333333333333,209.0
2010-07-01,24.57741935483871,237.79999999999998,0.47241935483870967,25.52258064516129,88.12903225806451,1045287.76,79.96774193548387,255.0
2010-08-01,24.712903225806453,223.20000000000002,0.47319354838709676,25.932258064516127,87.80645161290323,1181842.61,69.51612903225806,234.0
2010-09-01,24.563333333333333,307.8,0.47563333333333335,25.94,89.6,941172.51,87.63333333333334,316.0
2010-10-01,24.76451612903226,430.4,0.4692903225806452,26.225806451612904,88.12903225806451,993058.01,86.87096774193549,277.0
2010-11-01,24.69,391.6,0.47403333333333336,25.953333333333333,89.33333333333333,858604.25,94.43333333333334,336.0
2010-12-01,24.174193548387095,335.4,0.4764193548387097,25.26774193548387,89.38709677419355,704098.49,97.74193548387096,373.0
2011-01-01,24.138709677419353,180.2,0.4800645161290322,25.216129032258067,88.7741935483871,971318.13,96.09677419354838,334.0
2011-02-01,24.49642857142857,163.4,0.47310714285714284,25.657142857142855,86.78571428571429,861294.17,90.57142857142857,261.0
2011-03-01,24.416129032258063,236.8,0.47751612903225804,25.506451612903227,88.51612903225806,946324.95,92.80645161290323,300.0
2011-04-01,24.57,278.0,0.47906666666666664,25.71,89.1,937248.05,87.86666666666666,288.0
2011-05-01,24.812903225806455,188.1,0.48070967741935483,25.874193548387098,88.87096774193549,1048172.41,73.90322580645162,290.0
2011-06-01,25.279999999999998,98.0,0.4325,25.91,82.66666666666667,1184702.7,63.166666666666664,162.0
2011-07-01,25.05806451612903,75.9,0.45599999999999996,25.63225806451613,81.58064516129032,1226260.45,64.25806451612904,205.0
2011-08-01,26.112903225806452,30.7,0.3494838709677419,26.725806451612904,73.96774193548387,1294144.73,55.354838709677416,79.0
2011-09-01,26.05666666666667,66.3,0.3794333333333333,27.290000000000003,76.13333333333334,1222323.4,64.33333333333333,150.0
2011-10-01,25.470967741935485,268.3,0.4408387096774194,26.796774193548387,83.45161290322581,1147520.03,76.90322580645162,238.0
2011-11-01,24.733333333333334,368.3,0.47003333333333336,26.206666666666667,88.26666666666667,924018.21,89.5,328.0
2011-12-01,24.967741935483872,263.8,0.48051612903225804,26.174193548387095,87.70967741935483,888366.78,94.48387096774194,282.0
2012-01-01,24.312903225806455,299.8,0.47954838709677416,25.316129032258065,89.45161290322581,738996.34,94.51612903225806,414.0
2012-02-01,24.52758620689655,422.0,0.474448275862069,26.103448275862068,89.79310344827586,929322.31,91.06896551724138,339.0
2012-03-01,24.75483870967742,169.0,0.47258064516129034,25.79032258064516,86.41935483870968,1012825.71,90.12903225806451,248.0
2012-04-01,24.66,403.7,0.46773333333333333,25.973333333333336,89.0,1053190.03,81.23333333333333,292.0
2012-05-01,25.07741935483871,137.4,0.4646451612903226,26.1,86.19354838709677,1163017.42,68.25806451612904,191.0
2012-06-01,25.126666666666665,78.2,0.4413,25.813333333333333,84.16666666666667,1111262.3,61.53333333333333,153.0
2012-07-01,25.32903225806452,66.3,0.4257096774193549,25.73225806451613,79.25806451612904,1259413.33,66.61290322580645,140.0
2012-08-01,26.27741935483871,34.4,0.31893548387096776,27.316129032258065,72.45161290322581,1274012.39,54.38709677419355,82.0
2012-09-01,26.10666666666667,66.6,0.36583333333333334,27.676666666666666,75.03333333333333,1220921.85,69.86666666666666,120.0
2012-10-01,25.467741935483872,215.6,0.4609032258064516,26.916129032258063,83.80645161290323,1177304.85,78.16129032258064,224.0
2012-11-01,24.866666666666667,457.5,0.4782,26.48,89.63333333333334,902984.01,90.63333333333334,345.0
2012-12-01,24.848387096774193,334.6,0.4779354838709677,26.23225806451613,89.06451612903226,875765.27,95.64516129032258,378.0
2013-01-01,24.219354838709677,402.2,0.47916129032258065,25.287096774193547,91.06451612903226,705963.71,96.90322580645162,504.0
2013-02-01,24.59642857142857,380.1,0.47617857142857145,25.928571428571427,89.17857142857143,824103.44,95.14285714285714,325.0
2013-03-01,25.183870967741935,272.5,0.47319354838709676,26.529032258064515,87.64516129032258,1104811.01,83.41935483870968,257.0
2013-04-01,25.086666666666666,454.2,0.4744333333333334,26.28666666666667,89.7,893854.17,87.83333333333333,342.0
2013-05-01,25.041935483870965,231.9,0.47380645161290325,26.12258064516129,89.25806451612904,1016478.0700000001,82.06451612903226,275.0
2013-06-01,24.896666666666665,167.5,0.4663,25.683333333333334,87.8,997170.41,78.46666666666667,218.0
2013-07-01,24.19677419354839,283.6,0.4794838709677419,25.24516129032258,89.0,976360.4,76.74193548387096,308.0
2013-08-01,24.938709677419357,72.5,0.44151612903225806,25.770967741935483,81.6774193548387,1270722.92,61.225806451612904,162.0
2013-09-01,25.35666666666667,119.4,0.45089999999999997,26.473333333333336,81.86666666666666,1227252.03,70.53333333333333,207.0
2013-10-01,25.60967741935484,212.0,0.4626774193548387,26.825806451612905,82.29032258064517,1212506.57,75.2258064516129,201.0
2013-11-01,24.816666666666666,206.6,0.4508,26.126666666666665,85.7,952151.25,87.76666666666667,233.0
2013-12-01,24.63225806451613,541.3,0.47819354838709677,25.94516129032258,89.64516129032258,773877.09,94.03225806451613,433.0
2014-01-01,23.73225806451613,339.7,0.477741935483871,24.938709677419357,90.70967741935483,809849.66,95.48387096774194,433.0
2014-02-01,24.282142857142855,278.4,0.47135714285714286,25.478571428571428,89.32142857142857,822365.25,93.60714285714286,346.0
2014-03-01,24.654838709677417,345.5,0.4744838709677419,26.23225806451613,89.64516129032258,1029898.14,89.70967741935483,325.0
2014-04-01,25.126666666666665,279.3,0.47309999999999997,26.403333333333332,88.43333333333334,1056400.93,83.56666666666666,230.0
2014-05-01,25.251612903225805,154.3,0.475,26.45483870967742,88.16129032258064,1172467.65,72.09677419354838,196.0
2014-06-01,25.146666666666665,189.9,0.4654333333333333,26.06,87.03333333333333,1019314.42,75.46666666666667,216.0
2014-07-01,24.629032258064516,158.9,0.4735161290322581,25.583870967741937,86.96774193548387,1109631.61,72.45161290322581,253.0
2014-08-01,24.874193548387098,74.3,0.44596774193548383,25.929032258064513,82.90322580645162,1274101.31,64.0,148.0
2014-09-01,26.32,16.6,0.3464,27.36,72.73333333333333,1255970.55,67.6,82.0
2014-10-01,26.17096774193548,100.3,0.3970645161290322,27.64516129032258,78.03225806451613,1234980.56,69.16129032258064,189.0
2014-11-01,25.35666666666667,329.8,0.4731666666666667,26.959999999999997,86.76666666666667,1061693.62,84.23333333333333,296.0
2014-12-01,24.783870967741933,483.7,0.479,25.883870967741935,89.41935483870968,709569.93,96.3225806451613,413.0
2015-01-01,24.206451612903226,249.6,0.4774838709677419,25.458064516129035,89.29032258064517,891186.6,92.6774193548387,377.0
2015-02-01,24.303571428571427,343.2,0.47314285714285714,25.646428571428572,88.85714285714286,834030.78,93.60714285714286,336.0
2015-03-01,24.574193548387097,315.2,0.47061290322580646,25.822580645161292,89.12903225806451,972973.93,90.58064516129032,355.0
2015-04-01,24.85,317.3,0.4737666666666666,26.103333333333335,89.6,927934.03,89.53333333333333,302.0
2015-05-01,25.387096774193548,107.5,0.4518064516129032,26.26774193548387,84.54838709677419,1197412.05,60.12903225806452,146.0
2015-06-01,25.86,58.699999999999996,0.4043333333333334,26.276666666666664,80.06666666666666,1175911.37,57.03333333333333,103.0
2015-07-01,26.406451612903226,26.4,0.3006129032258064,27.25483870967742,72.45161290322581,1282171.6500000001,54.354838709677416,86.0
2015-08-01,26.383870967741935,39.2,0.3325806451612903,27.9,73.96774193548387,1285016.94,62.96774193548387,139.0
2015-09-01,27.073333333333334,103.10000000000001,0.3091,29.453333333333333,70.16666666666667,1226375.03,55.96666666666667,98.0
2015-10-01,26.654838709677417,66.5,0.3804516129032258,27.87741935483871,75.35483870967742,1275019.84,60.774193548387096,103.0
2015-11-01,25.59,312.8,0.4623,27.423333333333336,86.3,1080071.81,80.4,298.0
2015-12-01,24.97741935483871,389.0,0.46525806451612906,26.467741935483872,89.12903225806451,903249.08,89.93548387096774,384.0
2016-01-01,25.274193548387096,366.3,0.47496774193548386,26.787096774193547,89.48387096774194,969220.1900000001,92.16129032258064,354.0
2016-02-01,24.889655172413793,478.5,0.4776551724137931,26.3,90.79310344827586,722431.65,94.17241379310344,431.0
2016-03-01,25.451612903225808,400.9,0.4758387096774193,26.86774193548387,89.80645161290323,1032886.69,88.09677419354838,383.0
2016-04-01,25.433333333333334,381.8,0.47419999999999995,26.80666666666667,90.0,955285.16,90.76666666666667,307.0
2016-05-01,25.570967741935487,253.6,0.4767096774193548,26.596774193548388,89.38709677419355,985659.69,84.7741935483871,276.0
2016-06-01,25.183333333333334,136.4,0.4670666666666667,26.08,87.06666666666666,1036477.56,75.13333333333334,181.0
2016-07-01,24.822580645161292,174.9,0.4672258064516129,25.90967741935484,87.38709677419355,1113332.29,69.48387096774194,214.0
2016-08-01,25.17096774193548,172.1,0.45048387096774195,26.251612903225805,85.12903225806451,1207172.48,76.16129032258064,219.0
2016-09-01,24.873333333333335,278.4,0.47583333333333333,26.21333333333333,88.03333333333333,1100603.0,83.46666666666667,291.0
2016-10-01,24.806451612903224,515.8,0.4765161290322581,26.051612903225806,89.2258064516129,881719.21,94.25806451612904,368.0
2016-11-01,25.03666666666667,482.1,0.47523333333333334,26.456666666666667,89.46666666666667,880125.02,96.4,375.0
2016-12-01,24.835483870967742,220.1,0.46496774193548385,25.94516129032258,87.54838709677419,941845.93,94.03225806451613,291.0
2017-01-01,25.32903225806452,233.9,0.48996774193548387,26.51290322580645,81.38709677419355,901019.45,92.2258064516129,292.0
2017-02-01,24.582142857142856,339.7,0.4976428571428571,25.74285714285714,85.64285714285714,673959.3099999999,92.39285714285714,365.0
2017-03-01,25.419354838709676,257.8,0.47722580645161294,26.69677419354839,81.51612903225806,987184.33,87.80645161290323,255.0
2017-04-01,25.636666666666667,275.2,0.4875333333333333,26.923333333333336,82.83333333333333,1005944.65,84.53333333333333,238.0
2017-05-01,25.98709677419355,159.9,0.4275483870967742,27.438709677419357,82.3225806451613,1111821.25,69.83870967741936,152.0
2017-06-01,25.673333333333336,100.4,0.3805,27.55,80.56666666666666,1075737.88,63.1,127.0
2017-07-01,26.05806451612903,41.0,0.3422903225806452,28.40967741935484,74.38709677419355,1188592.7,62.61290322580645,123.0
2017-08-01,27.26774193548387,31.7,0.27106451612903226,30.141935483870967,64.83870967741936,1250278.68,66.09677419354838,103.0
2017-09-01,27.313333333333333,102.0,0.3142333333333333,30.14333333333333,67.56666666666666,1124648.16,69.36666666666666,131.0
2017-10-01,26.10967741935484,187.7,0.44290322580645164,27.73548387096774,79.54838709677419,1044622.41,83.0,211.0
2017-11-01,26.09,190.9,0.4204666666666667,27.60666666666667,79.03333333333333,799840.21,92.03333333333333,199.0
2017-12-01,25.648387096774194,182.60000000000002,0.44945161290322583,26.932258064516127,79.0,912920.09,88.06451612903226,215.0
2018-01-01,25.299999999999997,186.7,0.4698709677419355,26.19677419354839,79.93548387096774,812181.42,93.3225806451613,311.0
2018-02-01,24.610714285714288,286.3,0.49603571428571425,25.928571428571427,85.21428571428571,807075.49,86.25,331.0
2018-03-01,25.338709677419356,287.0,0.4810645161290323,26.60967741935484,82.51612903225806,1003569.13,86.61290322580645,219.0
2018-04-01,25.34333333333333,174.5,0.4812,26.91,84.83333333333333,1058910.4,77.66666666666667,205.0
2018-05-01,25.703225806451613,84.0,0.404741935483871,27.135483870967743,81.41935483870968,1171756.91,67.64516129032258,111.0
2018-06-01,25.866666666666667,90.2,0.3859666666666667,27.683333333333334,79.5,1130926.0,59.5,168.0
2018-07-01,26.041935483870965,18.7,0.31038709677419357,28.306451612903224,69.54838709677419,1265233.2,60.29032258064516,82.0
2018-08-01,26.687096774193545,42.4,0.2934516129032258,29.425806451612903,64.38709677419355,1261765.64,56.96774193548387,139.0
2018-09-01,26.73,55.0,0.3167666666666667,29.336666666666666,67.6,1185324.88,68.7,107.0
2018-10-01,26.906451612903226,146.3,0.3658064516129032,29.299999999999997,73.41935483870968,1156577.34,72.51612903225806,226.0
2018-11-01,25.88,282.9,0.4736666666666666,27.413333333333334,82.23333333333333,871702.86,87.03333333333333,314.0
2018-12-01,25.91290322580645,158.3,0.46645161290322584,27.24516129032258,80.48387096774194,960953.75,92.90322580645162,237.0
2019-01-01,25.154838709677417,327.3,0.48716129032258065,26.506451612903227,84.7741935483871,819994.68,87.12903225806451,392.0
2019-02-01,25.25357142857143,412.9,0.4957857142857143,26.782142857142855,86.0,903068.58,86.0,298.0
2019-03-01,25.529032258064515,250.29999999999998,0.4898064516129032,26.62258064516129,83.12903225806451,896898.43,89.38709677419355,279.0
2019-04-01,25.736666666666668,271.1,0.49163333333333337,27.163333333333334,85.8,974257.48,85.23333333333333,313.0
2019-05-01,25.89032258064516,93.7,0.4513225806451613,27.335483870967742,82.96774193548387,1172939.66,65.16129032258064,214.0
2019-06-01,26.02,30.099999999999998,0.34186666666666665,27.540000000000003,76.43333333333334,1192145.86,57.5,106.0
2019-07-01,26.448387096774194,23.7,0.2918387096774194,28.493548387096773,68.58064516129032,1266989.06,48.67741935483871,84.0
2019-08-01,26.551612903225806,84.7,0.2959677419354839,28.893548387096775,65.61290322580645,1260284.76,60.064516129032256,95.0
2019-09-01,27.28666666666667,27.7,0.2807,29.959999999999997,64.66666666666667,1236846.07,55.86666666666667,92.0
2019-10-01,27.174193548387095,103.69999999999999,0.33961290322580645,29.154838709677417,70.19354838709677,1224815.52,70.7741935483871,149.0
2019-11-01,27.17,145.6,0.3612666666666667,29.006666666666668,73.76666666666667,1159968.58,67.16666666666667,242.0
2019-12-01,25.741935483870968,371.8,0.47396774193548386,26.806451612903224,85.38709677419355,960568.72,90.54838709677419,368.0
2020-01-01,25.17096774193548,442.5,0.4958387096774194,26.029032258064515,87.54838709677419,796521.6799999999,90.83870967741936,422.0
2020-02-01,25.137931034482758,439.7,0.4987586206896552,25.74827586206897,87.10344827586206,633517.29,93.55172413793103,477.0
2020-03-01,25.58709677419355,437.5,0.48709677419354835,26.287096774193547,85.64516129032258,854088.56,91.25806451612904,399.0
2020-04-01,25.753333333333334,303.59999999999997,0.4900333333333334,26.603333333333335,86.56666666666666,938235.3,83.63333333333334,319.0
2020-05-01,25.896774193548385,200.6,0.47000000000000003,26.661290322580644,85.87096774193549,991084.11,77.58064516129032,256.0
2020-06-01,25.726666666666667,80.6,0.3874666666666667,26.813333333333333,83.13333333333334,1132879.29,63.7,205.0
2020-07-01,25.741935483870968,112.0,0.36522580645161296,26.864516129032257,77.64516129032258,1180002.95,60.45161290322581,148.0
2020-08-01,26.541935483870965,80.5,0.31445161290322576,28.287096774193547,73.51612903225806,1220649.56,56.25806451612903,160.0
2020-09-01,26.33,192.70000000000002,0.39486666666666664,27.62,75.73333333333333,1163190.06,64.7,182.0
2020-10-01,25.874193548387098,290.4,0.42009677419354835,26.848387096774193,80.54838709677419,999042.56,79.16129032258064,284.0
2020-11-01,25.84333333333333,293.7,0.45849999999999996,26.633333333333333,81.86666666666666,904489.62,88.4,239.0
2020-12-01,25.029032258064515,250.9,0.475,25.61935483870968,83.29032258064517,733291.81,91.87096774193549,377.0
2021-01-01,24.54516129032258,347.0,0.48693548387096774,24.97741935483871,85.80645161290323,516953.93,96.74193548387096,439.0
2021-02-01,24.42142857142857,502.3,0.5022857142857143,24.907142857142855,88.07142857142857,513358.21,94.75,496.0
2021-03-01,25.30322580645161,240.8,0.4621290322580645,26.074193548387097,83.54838709677419,971297.71,89.83870967741936,297.0
2021-04-01,25.27,221.6,0.4562,26.096666666666668,83.93333333333334,1023301.33,73.83333333333333,270.0
2021-05-01,25.835483870967742,262.7,0.46616129032258063,26.761290322580646,85.06451612903226,1165967.45,66.58064516129032,245.0
2021-06-01,25.136666666666667,205.4,0.4674333333333333,25.916666666666668,86.16666666666667,1005675.42,71.66666666666667,254.0
2021-07-01,25.393548387096775,86.5,0.39364516129032256,26.383870967741935,79.80645161290323,1193204.02,52.83870967741935,128.0
2021-08-01,25.483870967741936,145.7,0.43070967741935484,26.35483870967742,80.35483870967742,1221069.83,56.645161290322584,189.0
2021-09-01,25.59333333333333,266.8,0.4455666666666666,26.486666666666668,81.16666666666667,1093889.95,70.06666666666666,214.0
2021-10-01,26.15483870967742,208.4,0.4156774193548387,27.43548387096774,78.61290322580645,1095662.68,81.06451612903226,175.0
2021-11-01,25.466666666666665,370.6,0.48483333333333334,26.336666666666666,82.8,745318.6,96.6,322.0
2021-12-01,25.306451612903224,348.5,0.4824193548387097,26.26774193548387,84.12903225806451,864842.15,92.54838709677419,291.0
2022-01-01,25.003225806451614,314.6,0.48129032258064514,26.05806451612903,83.54838709677419,920348.9,94.41935483870968,298.0
2022-02-01,24.889285714285712,275.8,0.4818571428571428,25.592857142857145,83.25,593730.12,96.28571428571429,261.0
2022-03-01,25.396774193548385,308.3,0.48461290322580647,26.187096774193545,83.38709677419355,895675.26,93.2258064516129,249.0
2022-04-01,25.61,233.7,0.47833333333333333,26.483333333333334,82.76666666666667,968523.1,86.4,218.0
2022-05-01,25.56451612903226,168.9,0.4430322580645161,26.383870967741935,84.80645161290323,994915.33,85.03225806451613,198.0
2022-06-01,24.84,153.0,0.46649999999999997,25.573333333333334,84.3,1028911.06,86.9,173.0
2022-07-01,25.29032258064516,157.1,0.3941290322580645,26.583870967741937,81.70967741935483,1162660.56,70.74193548387096,144.0
2022-08-01,25.603225806451615,119.4,0.3518709677419355,27.316129032258065,79.06451612903226,1213549.13,71.87096774193549,167.0
2022-09-01,25.416666666666668,198.6,0.4250666666666667,26.733333333333334,80.7,1098149.14,85.03333333333333,183.0
2022-10-01,25.29032258064516,259.7,0.46038709677419354,26.296774193548387,82.6774193548387,906350.65,94.54838709677419,287.0
2022-11-01,25.326666666666664,281.1,0.4608333333333333,26.303333333333335,82.46666666666667,891246.79,96.13333333333334,230.0
2022-12-01,25.07741935483871,344.6,0.4755483870967742,25.883870967741935,83.51612903225806,841011.9299999999,97.3225806451613,335.0
2023-01-01,25.06451612903226,236.6,0.4704838709677419,25.929032258064513,82.29032258064517,853372.16,96.87096774193549,296.0
2023-02-01,24.42142857142857,445.9,0.49028571428571427,24.97142857142857,85.25,530178.04,98.14285714285714,402.0
2023-03-01,24.94516129032258,281.8,0.4801290322580645,25.84193548387097,85.41935483870968,962732.05,91.12903225806451,294.0
2023-04-01,25.736666666666668,182.5,0.4438666666666667,26.756666666666668,80.56666666666666,1077082.1099999999,89.26666666666667,198.0
2023-05-01,26.0258064516129,116.0,0.38167741935483873,27.34193548387097,81.87096774193549,1144267.69,68.90322580645162,166.0
2023-06-01,26.113333333333333,58.4,0.3328333333333333,27.816666666666666,78.7,1146704.48,67.13333333333334,122.0
2023-07-01,25.864516129032257,45.5,0.3465483870967742,27.451612903225808,77.16129032258064,1220051.17,64.87096774193549,105.0
2023-08-01,26.92258064516129,16.8,0.2814516129032258,29.383870967741935,68.74193548387096,1293981.75,51.83870967741935,70.0
2023-09-01,27.39333333333333,28.900000000000002,0.2875,29.90666666666667,64.2,1233357.6,57.43333333333333,74.0
2023-10-01,27.906451612903226,64.39999999999999,0.3113548387096774,30.141935483870967,68.38709677419355,1238674.51,63.83870967741935,117.0
2023-11-01,27.09333333333333,215.8,0.3864666666666666,29.006666666666668,77.8,1008387.57,78.9,221.0
2023-12-01,27.006451612903227,190.0,0.39580645161290323,28.761290322580646,76.25806451612904,1068458.16,88.03225806451613,174.0
2024-01-01,25.861290322580647,418.1,0.48287096774193544,26.825806451612905,84.16129032258064,917219.5,93.54838709677419,319.0
2024-02-01,25.772413793103446,297.7,0.4897241379310345,26.79655172413793,86.41379310344827,863160.37,87.10344827586206,294.0
2024-03-01,25.77741935483871,363.7,0.47719354838709677,26.59032258064516,85.61290322580645,971998.5700000001,86.87096774193549,355.0
2024-04-01,26.39,219.6,0.46413333333333334,27.423333333333336,86.06666666666666,1009409.69,87.76666666666667,241.0
2024-05-01,26.761290322580646,116.0,0.3910967741935484,28.13225806451613,82.29032258064517,1136228.01,66.35483870967742,163.0
2024-06-01,26.166666666666668,74.10000000000001,0.37656666666666666,27.7,81.43333333333334,1149734.3900000001,68.23333333333333,121.0
2024-07-01,26.019354838709678,79.7,0.3529354838709678,27.758064516129032,75.29032258064517,1214349.53,60.903225806451616,107.0
2024-08-01,27.14516129032258,28.8,0.2968387096774194,29.496774193548386,69.38709677419355,1264434.61,67.2258064516129,77.0
2024-09-01,27.17,87.4,0.3238333333333333,29.566666666666666,71.36666666666666,1170308.63,69.63333333333334,94.0
2024-10-01,27.719354838709677,74.7,0.3303225806451613,30.190322580645162,68.90322580645162,1222225.96,72.06451612903226,106.0
2024-11-01,26.253333333333334,298.4,0.42593333333333333,27.55,83.03333333333333,876238.06,93.86666666666666,225.0
2024-12-01,25.92258064516129,317.6,0.45764516129032257,26.583870967741937,83.38709677419355,748257.83,97.74193548387096,362.0
2025-01-01,25.364516129032257,371.8,0.4640645161290322,26.219354838709677,84.61290322580645,805521.11,96.16129032258064,340.0
2025-02-01,25.392857142857142,321.0,0.45096428571428565,26.360714285714288,85.21428571428571,812515.38,96.42857142857143,335.0
2025-03-01,25.77741935483871,320.4,0.44293548387096776,26.73548387096774,83.93548387096774,979875.78,90.61290322580645,292.0
2025-04-01,25.706666666666667,233.0,0.4153333333333334,26.756666666666668,84.8,974587.88,85.53333333333333,242.0
2025-05-01,26.238709677419354,272.3,0.32193548387096776,27.567741935483873,82.48387096774194,1017729.19,78.2258064516129,197.0
2025-06-01,25.756666666666668,114.6,0.27566666666666667,26.796666666666667,81.9,1042061.71,74.26666666666667,160.0
2025-07-01,26.370967741935484,66.7,0.2076774193548387,28.677419354838708,74.48387096774194,1216082.06,61.87096774193548,129.0
2025-08-01,25.796774193548387,125.1,0.24280645161290323,27.641935483870967,78.35483870967742,1165928.78,63.096774193548384,167.0
2025-09-01,26.353333333333335,151.3,0.26713333333333333,27.823333333333334,76.9,1118828.97,82.4,155.0
2025-10-01,26.719354838709677,187.0,0.28041935483870967,28.45483870967742,77.38709677419355,1031444.43,81.80645161290323,191.0
2025-11-01,25.976666666666667,240.0,0.4005666666666666,26.833333333333332,80.33333333333333,871221.13,96.16666666666667,246.0
2025-12-01,25.848387096774193,323.9,0.42487096774193545,26.887096774193548,82.93548387096774,911832.59,93.74193548387096,283.0
